symbol,totalBindingSites,log2FoldChange_dyna
KLHL17,7,4.353439183640264
B3GALT6,1,1.354738475188493
ATAD3B,1,0.24521952345747408
ATAD3A,1,0.06422349951369039
SKI,2,0.6987002875832599
CAMTA1,4,0.3186317318466348
SLC25A33,4,0.6037937143719306
PIK3CD,5,1.5283852639931708
UBE4B,4,1.238009493957333
TNFRSF1B,1,0.04500885052924685
VPS13D,5,0.9123204954775819
PRDM2,1,0.543038848479424
DNAJC16,10,1.3916442021188702
SPEN,11,0.9595222621111524
KDM1A,1,0.08565361857949008
ELOA,1,0.496130449453044
NIPAL3,2,0.2412297403970836
RCAN3,2,2.448156753507278
PDIK1L,1,0.23380295916440755
CEP85,1,0.8301017669044516
ARID1A,3,0.5951279706838736
ZDHHC18,2,1.1644972029756686
WDTC1,4,0.8533110856923495
STX12,1,0.2827640786827073
PHACTR4,11,0.034279534602009054
KHDRBS1,3,0.19285840917370267
KPNA6,4,0.1880478727582253
ZBTB8A,1,0.06403759598140313
ZMYM4,12,0.7920166530205297
AGO4,2,1.2281018907092827
AGO1,1,0.0970049103547188
AKIRIN1,2,2.3060859608174473
MACF1,6,0.9357995422136159
KDM4A,8,1.3291739699374003
ST3GAL3,8,0.8690941281561853
ATP6V0B,5,1.431564247554353
PLK3,1,3.006614348426264
CMPK1,5,0.3466416213907001
ZYG11A,6,3.110864565626611
CPT2,1,0.7142455740438691
MROH7-TTC4,2,2.536831210008031
MROH7-TTC4,2,2.536831210008031
MROH7-TTC4,2,2.536831210008031
MROH7-TTC4,2,2.536831210008031
MROH7-TTC4,2,2.536831210008031
MROH7-TTC4,2,2.536831210008031
MROH7-TTC4,2,2.536831210008031
MROH7-TTC4,2,2.536831210008031
MROH7-TTC4,2,2.536831210008031
MROH7-TTC4,2,2.536831210008031
MROH7-TTC4,2,2.536831210008031
MROH7-TTC4,2,2.536831210008031
MROH7-TTC4,2,2.536831210008031
MROH7-TTC4,2,2.536831210008031
MROH7-TTC4,2,2.536831210008031
MROH7-TTC4,2,2.536831210008031
MROH7-TTC4,2,2.536831210008031
MROH7-TTC4,2,2.536831210008031
MROH7-TTC4,2,2.536831210008031
MROH7-TTC4,2,2.536831210008031
MROH7-TTC4,2,2.536831210008031
MROH7-TTC4,2,2.536831210008031
MROH7-TTC4,2,2.536831210008031
MROH7-TTC4,2,2.536831210008031
ALG6,1,0.03896153394438074
SRSF11,2,0.5052158155297543
ACADM,1,0.31972790076950247
RABGGTB,2,1.4483002424889806
MIGA1,4,0.625396498904385
HS2ST1,5,0.29892004225314045
LMO4,3,0.8264956310821747
PKN2,2,1.090865144014002
LRRC8B,2,0.20948202742924096
LRRC8C,14,0.6185754898769378
LRRC8D,14,0.262279863536629
DR1,1,0.6511329074050842
ABCD3,1,0.14550369671062016
SLC35A3,7,0.9601055121325428
SLC35A3,7,0.9601055121325428
SLC35A3,7,0.9601055121325428
MFSD14A,8,0.5790905600617917
RTCA,1,0.7208819286973224
CDC14A,2,1.8681568237416089
FAM102B,2,1.0013967220123665
CEPT1,4,0.3144312495320088
RAP1A,2,0.4139404738759498
RAP1A,2,0.4139404738759498
CHD1L,3,0.6327233090997431
GPR89B,2,0.4347631476100664
PRPF3,4,0.5350023104967834
RPRD2,11,0.0877505773329317
GABPB2,2,0.36276482244188807
PIP5K1A,2,0.2943025377433447
UBAP2L,2,0.013011934899687687
HAX1,1,1.2499809628348917
IL6R,2,2.1276215628063477
TRIM46,2,4.322227755089472
RUSC1,1,0.27723787715306925
NHLH1,1,6.438643386935707
ATF6,1,0.21609890782244448
UHMK1,2,1.2785725400456238
NUF2,3,0.6336466640964
UCK2,1,0.2606644215509515
POU2F1,10,0.4980722399080286
PRRC2C,13,0.5336723673197313
SUCO,1,1.2314171011604922
KLHL20,2,0.5324203845009972
RABGAP1L,2,1.1878126332499284
RASAL2,7,0.11957215718561988
FAM20B,3,0.2931016048347198
CEP350,8,0.23934303781415525
XPR1,4,0.004376667363270072
DHX9,1,0.013944537249994662
SMG7,14,1.8420598249373796
CDC73,3,0.5610821527395594
NEK7,4,0.6177400880997067
PPP1R12B,2,1.7799841319062562
PPP1R12B,2,1.7799841319062562
PPP1R12B,2,1.7799841319062562
ATP2B4,2,0.16164625945472774
MDM4,1,0.2863378845039277
MDM4,1,0.2863378845039277
MDM4,1,0.2863378845039277
MDM4,1,0.2863378845039277
MDM4,1,0.2863378845039277
MDM4,1,0.2863378845039277
CD55,2,0.8512686922921844
HHAT,1,0.21024925718169896
RPS6KC1,2,0.41796677059721765
TGFB2,1,0.8437997922838029
CNIH4,1,0.4386699243336877
TSNAX-DISC1,1,0.23859059293798224
TSNAX-DISC1,1,0.23859059293798224
TSNAX-DISC1,1,0.23859059293798224
TSNAX-DISC1,1,0.23859059293798224
TSNAX-DISC1,1,0.23859059293798224
TSNAX-DISC1,1,0.23859059293798224
TSNAX-DISC1,1,0.23859059293798224
TSNAX-DISC1,1,0.23859059293798224
TSNAX-DISC1,1,0.23859059293798224
DISC1,3,0.7881777760939671
TBCE,5,0.20802382557895158
EXO1,1,0.14156133031679335
DESI2,1,0.16796019893099823
EFCAB2,5,0.24499074796112522
CNST,6,0.5907667357052541
PGBD2,1,1.5229602795946533
INTS11,3,1.2403855883927468
DVL1,6,3.8875575003634135
NOL9,1,0.47678882409285045
KLHL21,2,1.0445838973240125
DNAJC11,3,0.04896532056122145
RERE,7,0.29481417613800887
UBR4,8,0.6338526044836119
HP1BP3,2,1.0452285363644052
USP48,11,0.6595858830033221
HSPG2,2,0.17449562673214286
IFNLR1,2,0.25116013917997054
PAFAH2,5,0.13796166942819446
WASF2,4,0.6168193744446319
RNF19B,1,1.2310487943085282
KIAA0319L,2,0.07020648685315117
PSMB2,7,0.7031641434517538
CLSPN,4,0.506852738832257
TRAPPC3,6,0.018260138724057483
STK40,2,0.8240642485199419
MEAF6,1,0.4407144781284451
YRDC,2,1.272411783463608
MTF1,1,0.21726113047522388
INPP5B,3,0.16604163487856688
RRAGC,3,0.001664350810821134
MYCBP,1,0.8320277139083911
TRIT1,1,0.007503705309674054
SCMH1,9,1.4960146485731818
FOXJ3,2,0.9859426629887248
P3H1,1,0.06278464432507924
POMGNT1,5,1.735861698553209
MKNK1,1,0.06162620253534051
STIL,2,0.28633840508781166
FAF1,8,0.18465381520502544
NDC1,8,0.2564419227432076
USP24,1,0.6187161998801861
TM2D1,1,1.084138412261119
TM2D1,1,1.084138412261119
JAK1,2,0.020470213467784826
LRRC40,1,0.158572413977134
ANKRD13C,6,0.34252254105539603
ZZZ3,8,0.5542359982700555
FUBP1,1,0.20732080135513342
ZNF644,2,0.6571369214749991
SASS6,3,0.38787518028024015
WDR47,3,1.8364250288518655
KCNA3,1,1.483344245717979
TRIM33,1,0.07015505450002474
CSDE1,3,0.46379187430831675
LIX1L,2,0.0282108616182789
CERS2,10,0.6987986255584822
DENND4B,2,1.3843881334022878
C1orf43,10,1.482719920617969
ASH1L,10,0.94308550393492
GON4L,6,1.2547684938320098
ARHGEF2,8,1.5156343819542606
CCT3,9,0.17187029023875264
MEF2D,5,1.8450651077165512
IQGAP3,2,0.08324030097018015
ETV3,1,0.01900102741191541
IGSF8,2,0.021424896062696284
IGSF8,2,0.021424896062696284
COPA,4,0.3567766758838278
PFDN2,1,0.9649831196329929
B4GALT3,3,1.3403297400613576
ADCY10,2,0.81749876728366
NME7,3,0.4210820372657149
CENPL,1,0.29416485907334955
RC3H1,3,0.8577064504954723
ABL2,4,0.5228502819774493
RGS16,4,0.17284299085731328
COLGALT2,1,0.7613258869046602
TRMT1L,3,0.9396421831511066
TPR,1,1.274743575027549
DDX59,2,0.6980600060987449
KIF21B,6,0.7930217020740387
UBE2T,2,0.43333328198732407
KDM5B,4,0.8450757202109115
KLHL12,3,0.8688662643200492
ELK4,2,0.41437517906527616
SLC45A3,2,2.4553808403842563
SLC41A1,2,1.0468301967476739
SLC30A1,1,0.5748361141093999
BPNT1,1,0.6052062145248739
RAB3GAP2,1,0.8068908628172521
TP53BP2,4,0.7465989821207213
NVL,8,0.4434522631895338
LBR,11,0.5224591110435937
PYCR2,1,0.4801314322825694
SDE2,2,0.9281248800275317
LIN9,7,0.6822250592524419
TRIM11,3,0.26229228017655026
CCSAP,1,2.3558203953264245
NUP133,2,0.5241036166753127
ABCB10,2,0.33634686094569266
TTC13,3,0.8594572111845363
FAM89A,2,1.8878297818612053
EXOC8,1,0.7366542539860801
PCNX2,1,1.2797179358859128
TOMM20,3,0.21275218321702388
ARID4B,6,0.7886274231569758
B3GALNT2,5,1.111741349285431
LYST,9,1.1605374284724665
ERO1B,1,0.5475927781105835
HEATR1,4,0.22256390611219892
FH,1,0.09255048476173709
OPN3,2,0.0507543470703663
OPN3,2,0.0507543470703663
ZNF124,1,1.0136025747117035
HPCAL1,5,0.849790840518592
KLHL29,1,1.0709898392789785
GAREM2,1,1.2060674692564353
SELENOI,3,0.207978195896627
SLC4A1AP,2,0.5139278064046198
MRPL33,5,1.5814450825588708
FOSL2,5,0.24289607207779818
PPP1CB,6,1.2367258740099958
SLC30A6,7,0.11343554848230859
SLC30A6,7,0.11343554848230859
SLC30A6,7,0.11343554848230859
SLC30A6,7,0.11343554848230859
SLC30A6,7,0.11343554848230859
SLC30A6,7,0.11343554848230859
SLC30A6,7,0.11343554848230859
SLC30A6,7,0.11343554848230859
YIPF4,1,0.15714516139921264
YIPF4,1,0.15714516139921264
YIPF4,1,0.15714516139921264
BIRC6,11,0.8063908917091903
GPATCH11,2,2.5955403783030695
PPM1B,5,1.399810912535804
CAMKMT,17,0.8714316345542285
PRKCE,2,1.8375582843084814
CRIPT,1,0.46693624771616493
MSH2,5,0.6075612556499195
PPP1R21,2,1.2866728461617414
ERLEC1,3,0.9321958229511639
ACYP2,1,0.19282843095360458
SPTBN1,5,1.2820981024188949
PAPOLG,5,1.2667662056896893
B3GNT2,2,0.8611349518660002
SLC1A4,8,0.064121838106204
ACTR2,3,0.9654546458877813
PLEK,6,0.7852056927265946
APLF,1,0.44646701680914946
MXD1,3,0.14384207635677768
ZNF638,3,0.45987659304466943
TET3,4,0.5943175331265786
MTHFD2,11,0.5596340925246232
MTHFD2,11,0.5596340925246232
MTHFD2,11,0.5596340925246232
MTHFD2,11,0.5596340925246232
MTHFD2,11,0.5596340925246232
MTHFD2,11,0.5596340925246232
HK2,1,0.9038121683784953
ELMOD3,1,0.13010359903787147
MAT2A,1,0.8323724962223821
CNNM4,1,1.8064206186645722
INPP4A,2,0.012386198822467998
MRPL30,3,0.08838662905482937
MAP4K4,3,0.037737618160723276
NCK2,2,0.4097359325790184
RANBP2,2,0.3283031533043415
BCL2L11,2,1.1637234811821595
SLC20A1,1,0.8183731744293881
CBWD2,4,0.050587370665204405
STEAP3,4,0.20902325803613422
UGGT1,15,1.0881247478021154
UGGT1,15,1.0881247478021154
UGGT1,15,1.0881247478021154
UGGT1,15,1.0881247478021154
UGGT1,15,1.0881247478021154
UGGT1,15,1.0881247478021154
UGGT1,15,1.0881247478021154
UGGT1,15,1.0881247478021154
UGGT1,15,1.0881247478021154
UGGT1,15,1.0881247478021154
UGGT1,15,1.0881247478021154
UGGT1,15,1.0881247478021154
UGGT1,15,1.0881247478021154
UGGT1,15,1.0881247478021154
UGGT1,15,1.0881247478021154
UGGT1,15,1.0881247478021154
UGGT1,15,1.0881247478021154
UGGT1,15,1.0881247478021154
UGGT1,15,1.0881247478021154
UGGT1,15,1.0881247478021154
UGGT1,15,1.0881247478021154
UGGT1,15,1.0881247478021154
UGGT1,15,1.0881247478021154
UGGT1,15,1.0881247478021154
UGGT1,15,1.0881247478021154
UGGT1,15,1.0881247478021154
UGGT1,15,1.0881247478021154
UGGT1,15,1.0881247478021154
UGGT1,15,1.0881247478021154
UGGT1,15,1.0881247478021154
UGGT1,15,1.0881247478021154
UGGT1,15,1.0881247478021154
UGGT1,15,1.0881247478021154
UGGT1,15,1.0881247478021154
UGGT1,15,1.0881247478021154
UGGT1,15,1.0881247478021154
UGGT1,15,1.0881247478021154
UGGT1,15,1.0881247478021154
UGGT1,15,1.0881247478021154
UGGT1,15,1.0881247478021154
UGGT1,15,1.0881247478021154
MGAT5,4,1.0256121613064122
RAB3GAP1,1,0.5363076450123693
MBD5,1,0.247946077382027
EPC2,2,0.63471570692733
RIF1,7,0.49677349350236194
GPD2,1,0.09191683427897779
TANK,1,0.5421147611853722
PSMD14,1,0.21301596663069192
CERS6,2,0.6146857102314199
PPIG,6,1.1135080671502697
SSB,4,0.7476738253131713
UBR3,1,0.8353190994239388
HAT1,3,0.06310742596278401
DLX1,3,1.249351637104562
MAP3K20,2,1.171062273820371
MTX2,6,0.11000123837209544
AGPS,2,0.02464260839818601
WDR75,1,0.06463403463624437
GLS,3,1.0372841046855756
COQ10B,2,0.6505944372236949
CFLAR,2,0.581662779480542
CARF,5,1.0883453734242563
NBEAL1,1,1.515518250800737
PIKFYVE,3,0.323487020186363
XRCC5,5,0.14089735998740535
RPL37A,2,1.5595912256113094
STK36,1,0.7374230067100637
AGFG1,2,0.13919362599909735
FBXO36,1,0.7496148770559811
SP100,5,0.5328757679163201
PSMD1,1,0.37938917069266315
PSMD1,1,0.37938917069266315
GIGYF2,2,0.5030643679210617
ATG16L1,3,0.40685950373878316
DGKD,2,0.9418388147268757
COPS8,2,0.7364724204287714
LRRFIP1,8,0.6928034002841139
UBE2F,4,0.23335677079208175
UBE2F-SCLY,4,1.2230870715888476
UBE2F-SCLY,4,1.2230870715888476
UBE2F-SCLY,4,1.2230870715888476
UBE2F-SCLY,4,1.2230870715888476
UBE2F-SCLY,4,1.2230870715888476
TRAF3IP1,5,0.6416369388735133
ASB1,3,0.49804353634882753
ASB1,3,0.49804353634882753
ASB1,3,0.49804353634882753
KIDINS220,6,0.4942437774909232
ADAM17,9,0.26496267863466677
NOL10,6,0.418124378790624
ROCK2,2,1.4506448771115674
E2F6,1,0.2512382313934588
E2F6,1,0.2512382313934588
E2F6,1,0.2512382313934588
E2F6,1,0.2512382313934588
E2F6,1,0.2512382313934588
E2F6,1,0.2512382313934588
E2F6,1,0.2512382313934588
E2F6,1,0.2512382313934588
NBAS,8,0.7215657307761607
PUM2,9,0.4182108542094476
ATAD2B,9,0.8784405400444893
ITSN2,2,0.2703302353602086
ASXL2,10,0.08736746512851103
KIF3C,1,0.865462580084723
SUPT7L,2,0.03583375422630362
DPY30,2,0.28955231207526727
STRN,3,0.3524928192868785
HEATR5B,7,1.2400093532015746
EIF2AK2,1,0.3588211399127567
PRKD3,1,0.26078682228089006
ATL2,2,0.37905408186130973
SOS1,4,0.7459595026597821
ZFP36L2,11,4.34372818654429
THADA,2,0.04459966244281537
LRPPRC,10,0.5983453194911434
PREPL,2,0.7347175562037033
FBXO11,4,0.4551478821720897
PSME4,6,0.11695738338185944
PSME4,6,0.11695738338185944
CCDC88A,2,0.5168756308404183
PNPT1,2,0.33764065843890234
PNPT1,2,0.33764065843890234
FANCL,1,1.2934678626771723
BCL11A,5,1.8904058641300527
BCL11A,5,1.8904058641300527
USP34,14,0.3078738988330756
XPO1,3,0.5110664883737321
SERTAD2,6,1.9803706726108141
RAB1A,3,0.8477134338971913
SPRED2,1,0.1296266453403697
PPP3R1,5,1.3791111006927872
GFPT1,1,0.5639523999232642
AAK1,1,0.048262939447940974
C2orf42,1,0.2543875134835401
TIA1,1,0.08324781687167643
TIA1,1,0.08324781687167643
TIA1,1,0.08324781687167643
EXOC6B,1,0.7350225252687691
FBXO41,2,2.152110668703121
EIF2AK3,1,0.07698678226674469
DUSP2,1,1.2462918219122276
SNRNP200,2,0.018688068438351704
SEMA4C,2,0.8958189151237617
TMEM131,7,0.38848537236804404
UXS1,1,0.12753544496885275
ZC3H8,2,1.3494915396761296
ZC3H8,2,1.3494915396761296
CCDC93,1,0.374641051034317
C2orf76,1,0.20372334036419662
ERCC3,2,1.0987029998184468
IWS1,5,0.19416468059495415
POLR2D,1,0.8430649651371053
AMMECR1L,3,0.40391149982987273
ZEB2,16,0.7802624975082727
RBM43,1,1.691625034111217
ARL5A,2,0.6416658620878494
ACVR1,1,0.4481862609811752
RBMS1,2,0.2610051691081667
RBMS1,2,0.2610051691081667
TTC21B,4,2.1712084762265604
STK39,1,0.4577684417669753
METTL8,6,0.9945465733684296
SLC25A12,6,0.06468822248183237
ORMDL1,1,0.5490482272986752
GTF3C3,1,1.5981758716560281
HSPD1,2,0.2669996018034821
SATB2,17,0.7143907003790912
TYW5,1,0.010894438804066058
TYW5,1,0.010894438804066058
TYW5,1,0.010894438804066058
CLK1,1,1.014822101751885
CLK1,1,1.014822101751885
CLK1,1,1.014822101751885
CLK1,1,1.014822101751885
CLK1,1,1.014822101751885
CLK1,1,1.014822101751885
CLK1,1,1.014822101751885
CLK1,1,1.014822101751885
CLK1,1,1.014822101751885
PPIL3,2,0.36198355781012603
ORC2,4,0.336806193814787
TRAK2,1,0.5691605756170923
ALS2,2,1.1134238053939185
RAPH1,1,0.8899047796555734
INO80D,2,0.36282997831698555
NDUFS1,3,1.439215225207709
FZD5,1,0.9434991326384375
PLEKHM3,3,0.6520986987472375
KANSL1L,1,0.5240417930977439
IKZF2,1,0.8403897200802977
BARD1,2,0.2799072597253245
BARD1,2,0.2799072597253245
BARD1,2,0.2799072597253245
BARD1,2,0.2799072597253245
BARD1,2,0.2799072597253245
BARD1,2,0.2799072597253245
BARD1,2,0.2799072597253245
BARD1,2,0.2799072597253245
AP1S3,14,0.24042372081285673
CUL3,2,0.5730699917435312
DOCK10,1,0.6500453978242213
USP40,2,0.5119759254356993
HDAC4,5,0.9643204589586606
ITPR1,3,0.7139473412187881
EDEM1,6,0.28069842275512386
SETD5,1,0.2672806524847706
CRELD1,1,0.8611195308435814
FANCD2,2,0.35377305639033246
VHL,1,0.4096827740764388
NR2C2,3,0.07616246610194975
PLCL2,1,0.37828645342241757
CMC1,1,1.1529194449551925
STT3B,5,0.25994382146482287
CNOT10,3,2.376104521583641e-4
GOLGA4,2,0.7168266631976417
GOLGA4,2,0.7168266631976417
OXSR1,7,0.8130937230091277
XYLB,2,1.100226949651484
EIF1B,3,2.403695978382164
TRAK1,8,0.6039369617773807
SNRK,5,0.36521738240780255
ABHD5,3,0.28243930877367746
SACM1L,2,1.1624588560908544
DHX30,3,0.031432945385980814
ARIH2,1,0.06045239532866945
P4HTM,1,0.2935126531419191
WDR6,1,0.2003145847281055
RNF123,3,1.534613671536725
RBM6,10,0.661139741674253
RAD54L2,8,0.5306212495885111
DNAH1,1,1.6626896466896313
DNAH1,1,1.6626896466896313
DNAH1,1,1.6626896466896313
FLNB,6,0.6451846073658737
KCTD6,1,1.0763123635895373
ARL13B,2,0.7809442220418823
NSUN3,1,0.8864147567467532
CMSS1,5,0.6332598560012717
TBC1D23,6,0.6119165066534904
PCNP,1,0.03422767904530963
ALCAM,3,1.1462909556032124
ALCAM,3,1.1462909556032124
BBX,2,0.6733729763799927
PLCXD2,2,4.7243682168748204
ATP6V1A,4,0.36544454441285545
GTF2E1,1,1.3084419965076473
PARP14,1,0.26918683689974604
UMPS,3,0.9873261530170826
UMPS,3,0.9873261530170826
UMPS,3,0.9873261530170826
UMPS,3,0.9873261530170826
PLXNA1,2,0.5045467370139772
COPG1,3,0.35146078314562024
ATP2C1,6,0.6072435359580572
DNAJC13,3,0.42228134275974755
NCK1,1,0.3956289819063297
MRAS,3,0.3020215847891564
SLC25A36,1,0.6205697450273521
ATP1B3,1,0.12742383776629448
TSC22D2,2,0.8230078031798586
EIF2A,2,0.746586497994311
MBNL1,23,0.43975664977080053
MBNL1,23,0.43975664977080053
TIPARP,3,1.4258015646360676
RSRC1,6,0.3912757868682011
MFSD1,8,0.6129795080169339
C3orf80,3,1.8175162387097326
PPM1L,6,0.9675728021422257
SKIL,3,1.1956382715702951
ECT2,3,0.9188722684886625
FXR1,5,1.8887375172275715
ATP11B,8,0.8615953119128357
YEATS2,6,0.35144505761812456
ABCF3,1,0.025526892229528714
VPS8,2,0.9689820111103464
EIF4A2,1,1.2904220866004577
LPP,6,1.0059988568345177
CCDC50,1,0.5215847169564845
FBXO45,2,0.6636705183413999
NRROS,5,0.8214544365155809
PIGX,8,0.8664774570221693
PAK2,3,0.19455053459023444
SENP5,4,0.8980496430485628
LRCH3,2,1.1102972857878106
LMLN,1,1.5145290742738151
RAD18,2,0.6043948821306646
RAD18,2,0.6043948821306646
RAD18,2,0.6043948821306646
RAD18,2,0.6043948821306646
RAD18,2,0.6043948821306646
NGLY1,1,0.14881999793737655
SLC4A7,7,1.4434569608431123
CLASP2,7,0.8526310184412116
EPM2AIP1,1,0.4366202517261755
LRRFIP2,4,0.07059495367277083
ULK4,3,0.81246201352774
FYCO1,1,0.9720298491906968
SETD2,7,0.5008925991308697
SMARCC1,11,0.5558286665248479
CDC25A,2,0.3112934637988505
IP6K2,5,0.3290801881857413
PRKAR2A,8,0.05937232719288181
QRICH1,1,0.13152338460274512
IP6K1,1,0.08469870429425663
HYAL2,1,0.4210016806119297
CISH,12,4.50841785389917
DCAF1,1,0.5358370117943895
PBRM1,3,0.5197545275009312
SUCLG2,3,0.35089326053277564
TMF1,6,0.6145468283550156
TMF1,6,0.6145468283550156
TMF1,6,0.6145468283550156
TMF1,6,0.6145468283550156
TMF1,6,0.6145468283550156
TMF1,6,0.6145468283550156
TMF1,6,0.6145468283550156
FOXP1,12,0.17208889855546
EIF4E3,7,0.49835344485170857
RYBP,3,1.135545911934168
GBE1,2,0.2849778982216805
CGGBP1,4,0.6378282392543155
CLDND1,9,1.7687193691241383
TOMM70,1,0.6509612434918489
ZBTB11,4,0.339456497766729
CD47,1,0.7477577705849885
CFAP44,3,1.9755006839984783
CFAP44,3,1.9755006839984783
CFAP44,3,1.9755006839984783
ZBTB20,4,0.3919582829741613
GSK3B,4,0.6831019698099308
LRRC58,4,1.0612772827985977
POLQ,7,0.5219064850525388
GOLGB1,3,0.7621940741665872
GOLGB1,3,0.7621940741665872
GOLGB1,3,0.7621940741665872
GOLGB1,3,0.7621940741665872
GOLGB1,3,0.7621940741665872
GOLGB1,3,0.7621940741665872
GOLGB1,3,0.7621940741665872
GOLGB1,3,0.7621940741665872
GOLGB1,3,0.7621940741665872
GOLGB1,3,0.7621940741665872
GOLGB1,3,0.7621940741665872
GOLGB1,3,0.7621940741665872
GOLGB1,3,0.7621940741665872
GOLGB1,3,0.7621940741665872
GOLGB1,3,0.7621940741665872
GOLGB1,3,0.7621940741665872
GOLGB1,3,0.7621940741665872
GOLGB1,3,0.7621940741665872
GOLGB1,3,0.7621940741665872
GOLGB1,3,0.7621940741665872
GOLGB1,3,0.7621940741665872
IQCB1,1,0.19060681367652632
HACD2,6,0.19261569184376898
PIK3R4,2,0.48929059596612984
ACAD11,1,0.2261494492405986
TOPBP1,2,0.5194124494744949
MSL2,6,0.4997851287527037
STAG1,4,0.6927419834733267
DZIP1L,3,0.47733409857619274
PIK3CB,11,0.9826423417532276
XRN1,2,1.6267470777151636
ATR,8,0.5945640557174217
HLTF,3,0.6164995758638995
SHOX2,1,0.8064402781705687
GOLIM4,2,0.5668819709485213
MCCC1,1,0.39625551476733234
ACAP2,4,0.5421671355623526
TFRC,9,0.016511509393283757
UBXN7,2,1.4625770882435338
UBXN7,2,1.4625770882435338
UBXN7,2,1.4625770882435338
UBXN7,2,1.4625770882435338
UBXN7,2,1.4625770882435338
UBXN7,2,1.4625770882435338
UBXN7,2,1.4625770882435338
PCGF3,1,0.5820149359628374
UVSSA,3,2.156343987987142
FAM193A,10,0.3274566345975451
TBC1D14,1,0.1558736791493593
CPEB2,2,1.494092630605214
RBPJ,3,0.23719703226536243
N4BP2,7,0.8309827454716652
SLC30A9,1,0.046987344513597706
SLC30A9,1,0.046987344513597706
SLC30A9,1,0.046987344513597706
SLC30A9,1,0.046987344513597706
SLC30A9,1,0.046987344513597706
SLC30A9,1,0.046987344513597706
SLC30A9,1,0.046987344513597706
SLC30A9,1,0.046987344513597706
SLC30A9,1,0.046987344513597706
SLC30A9,1,0.046987344513597706
SLC30A9,1,0.046987344513597706
SLC30A9,1,0.046987344513597706
SLC30A9,1,0.046987344513597706
SLC30A9,1,0.046987344513597706
SLC30A9,1,0.046987344513597706
SLC30A9,1,0.046987344513597706
FIP1L1,4,0.3092656205340362
TMEM165,3,0.5070839423278383
CEP135,2,1.017071993807414
CEP135,2,1.017071993807414
SRP72,2,0.16762021006833772
REST,3,0.36422112247144195
POLR2B,3,0.5474340526641357
MOB1B,2,1.4074842863872978
CXCL8,1,3.4462087659777274
USO1,6,0.1641656805998078
CCNG2,4,1.9376120514735937
BMP2K,7,1.0065585800636736
ENOPH1,1,0.09938848704081621
AFF1,12,0.48771012852997775
SMARCAD1,2,0.9324436244587359
PDLIM5,1,0.3081937498825452
OSTC,5,0.687758350146373
SEC24B,5,0.22754176085917904
AP1AR,2,0.9588943337836057
ALPK1,1,0.0015021126651254182
KIAA1109,1,0.854340424830759
ABHD18,1,0.892264248050968
LARP1B,1,0.13573099882635536
JADE1,1,0.16487347584327156
NOCT,1,1.1516040720276841
"NAA15",1,0.8038370394090835
MND1,5,0.45983634796848133
KLHL2,2,1.9644004812503815
CEP44,2,0.4503535607963607
STOX2,1,1.1531948059740256
SNX25,1,0.25922620527618173
GAK,3,0.604576682170294
SPON2,1,2.503358221905141
RAB28,3,0.9821040278564385
BOD1L1,2,0.39848923883528337
TAPT1,1,1.3225494735587093
DHX15,6,0.7383490161088097
SEL1L3,10,0.4504549854996248
PDS5A,2,0.47156322437609227
RBM47,5,1.0212899880167632
TEC,2,1.5614463063799233
FRYL,9,0.27973585532946854
SCFD2,12,0.8843910602337953
CHIC2,2,1.2352085582441397
CLOCK,2,0.2660588977838807
PPAT,3,0.3276407781256721
CENPC,10,1.5328979145906567
CENPC,10,1.5328979145906567
CENPC,10,1.5328979145906567
CENPC,10,1.5328979145906567
CENPC,10,1.5328979145906567
CENPC,10,1.5328979145906567
CENPC,10,1.5328979145906567
CENPC,10,1.5328979145906567
CENPC,10,1.5328979145906567
CENPC,10,1.5328979145906567
CENPC,10,1.5328979145906567
ANKRD17,1,0.18193746657944881
CXCL2,1,7.689260480877487
G3BP2,6,0.10152027347331592
CNOT6L,2,0.8875390210955445
LIN54,1,0.621675059427226
WDFY3,3,0.8848579118103483
KLHL8,2,1.168161871167512
EIF4E,1,0.005656162761366196
PPP3CA,5,0.11343766986485236
MANBA,3,0.2485180551661131
CENPE,2,2.035016432200817
SLC7A11,1,0.652068954616283
MAML3,3,0.19964857527676988
OTUD4,8,1.5052932221079938
LRBA,1,0.936912876548906
C4orf46,1,0.32794800797170315
"NAF1",3,0.3969764001402723
NEK1,1,1.8744758380388329
RWDD4,2,0.6036531946791899
RWDD4,2,0.6036531946791899
RWDD4,2,0.6036531946791899
RWDD4,2,0.6036531946791899
RWDD4,2,0.6036531946791899
CENPU,4,0.3393661622637365
CENPU,4,0.3393661622637365
MTRR,1,0.0676972858436608
MTRR,1,0.0676972858436608
CCT5,5,0.5211235693753542
OTULIN,1,1.3665628889441044
BRIX1,3,1.1274974272032066
NIPBL,10,0.7342722298874461
WDR70,1,0.8144411654744499
C5orf51,2,0.09763678952305162
NNT,27,0.2708193611814804
GPBP1,2,0.6094078091886139
ZSWIM6,1,1.2436349915897873
IPO11,7,0.6529774878836316
PPWD1,2,0.7808636803247433
TRAPPC13,3,0.147005812010505
ERBIN,4,0.9868996521561088
MCCC2,1,0.07608278677160558
FCHO2,1,0.41341876859479487
HMGCR,1,0.8409609615188466
POLK,2,0.6221789113655823
POLK,2,0.6221789113655823
POLK,2,0.6221789113655823
POLK,2,0.6221789113655823
IQGAP2,6,0.43679627027409673
JMY,4,0.6899248172164587
JMY,4,0.6899248172164587
RASA1,6,0.49218205497657275
LNPEP,7,0.5801532191035799
FAM174A,1,0.6656357407955896
PPIP5K2,2,0.3905782215507613
FER,2,0.6547432931872665
APC,3,0.6787961324098447
APC,3,0.6787961324098447
KCNN2,1,0.7309384533161358
HSD17B4,3,0.5108618973729723
ISOC1,1,0.4085183948154809
CDC42SE2,7,0.4302695656003629
CDC42SE2,7,0.4302695656003629
UBE2B,1,0.339603235763422
SEC24A,9,0.18659692125494864
DDX46,4,0.9503897032770781
C5orf24,5,1.003823962092049
SMAD5,2,0.2171151427554249
MATR3,3,0.11926043251724563
MATR3,3,0.11926043251724563
MATR3,3,0.11926043251724563
MATR3,3,0.11926043251724563
MATR3,3,0.9127433016889112
MATR3,3,0.9127433016889112
MATR3,3,0.9127433016889112
MATR3,3,0.9127433016889112
MATR3,3,0.11926043251724563
MATR3,3,0.11926043251724563
MATR3,3,0.11926043251724563
MATR3,3,0.11926043251724563
MATR3,3,0.9127433016889112
MATR3,3,0.9127433016889112
MATR3,3,0.9127433016889112
MATR3,3,0.9127433016889112
PAIP2,1,0.2817205049974196
IK,3,0.2670899964116398
RNF14,1,0.46606544153440554
RBM27,8,0.027776396598966156
TCERG1,7,0.7317709246992042
GRPEL2,2,0.5580749790716334
SLC26A2,2,0.575872489045252
HMGXB3,1,0.18134522646182083
SMIM3,3,0.6113444839229123
LARP1,8,0.3459131109979924
CNOT8,1,0.4833536004337616
PTTG1,2,0.2617476419675413
HMMR,2,1.5604712707074948
SFXN1,1,0.016046769201315328
NSD1,18,0.46986642584422794
CNOT6,7,0.6406116434746154
NSUN2,3,0.3827095794774794
MYO10,1,1.336812321658826
ZFR,10,0.19970131155690218
C1QTNF3,4,1.5810485812710149
RAD1,3,0.8123311777436193
RAD1,3,0.8123311777436193
RAD1,3,0.8123311777436193
LMBRD2,5,0.6369738362044384
CCL28,2,0.8632540551954068
PDE4D,4,0.8954589662664653
SREK1IP1,3,0.3667980945719166
ENC1,1,2.7413927575596637
ENC1,1,2.7413927575596637
GFM2,1,0.575935637525157
POC5,7,0.6099106441561821
TBCA,3,0.546424010463837
LHFPL2,2,0.2785735295047107
ARSB,6,0.26784504364195044
HOMER1,6,0.8639607401848114
MTX3,1,1.0435680050019243
CETN3,1,1.1404033813051861
CETN3,1,1.1404033813051861
MBLAC2,1,0.44140625246285364
FAM172A,3,0.5568539589032376
CHD1,5,0.4530295682472583
ST8SIA4,4,0.21185636492617604
FBXL17,2,0.6881886863180111
PJA2,2,0.5336769632628983
DTWD2,2,1.7933319493688977
CEP120,3,0.9683290231311972
RAPGEF6,22,0.44616427537383746
FNIP1,15,0.5030626982479117
IRF1,3,0.35272511008135554
AFF4,5,0.5927761517354764
FAM13B,9,0.46497328981925845
HSPA9,4,0.4997876831350912
HBEGF,1,1.5498981900838071
HBEGF,1,1.5498981900838071
APBB3,1,1.2918387036807264
APBB3,1,1.2918387036807264
APBB3,1,1.2918387036807264
APBB3,1,1.2918387036807264
APBB3,1,1.2918387036807264
APBB3,1,1.2918387036807264
APBB3,1,1.2918387036807264
DIAPH1,18,0.374945879562588
YIPF5,1,0.1616202514511373
RNF145,5,1.3076456137739683
PWWP2A,11,1.334791485497468
SLU7,1,0.8800476019226133
PANK3,3,0.41293290133617505
FBXW11,6,0.49767397281954895
FBXW11,6,0.49767397281954895
STK10,12,1.2572633193040343
UBTD2,3,0.19330462338212243
DUSP1,1,2.2029280116463643
CLTB,2,0.004126283786067019
RNF44,1,0.18646619330510641
DBN1,1,0.9651515084612032
CLK4,5,1.1960751216332701
CLK4,5,1.1960751216332701
CLK4,5,1.1960751216332701
CLK4,5,1.1960751216332701
CLK4,5,1.1960751216332701
CLK4,5,1.1960751216332701
CLK4,5,1.1960751216332701
CLK4,5,1.1960751216332701
CLK4,5,1.1960751216332701
CLK4,5,1.1960751216332701
HNRNPH1,1,0.012252099818082068
RNF130,6,0.6381118669489974
TRIM52,2,0.20357400773669243
RREB1,12,0.3080183916712216
RIOK1,1,0.08892107555116377
SMIM13,2,0.533939959288147
HIVEP1,1,1.2050874734191206
CD83,1,0.10911672309058386
JARID2,10,0.11051498542111474
KDM1B,3,0.7002222623317569
E2F3,8,0.6394921815023263
ZKSCAN8,2,0.02526893365542534
ZSCAN9,2,1.6113715453851711
ITPR3,4,0.5560103552557378
ANKS1A,3,0.0806178339628055
MAPK14,23,0.4762625197742286
PIM1,13,4.563466989981831
BYSL,2,0.6852844330268545
UBR2,4,0.861256817351792
PPP2R5D,1,0.14316395906689203
SRF,4,0.9764266367013447
VEGFA,12,2.4565473034467225
HSP90AB1,5,0.44804098261445374
RUNX2,4,0.8218465307389085
CD2AP,3,1.992787845191814
EFHC1,3,0.3581014504190064
FBXO9,6,1.189383461955366
ZNF451,1,0.6505889579305302
PRIM2,2,0.6039805781875359
PHF3,5,0.275896535070275
FAM135A,3,1.3272097822090645
OGFRL1,1,0.9996425961883759
SENP6,5,0.3836522761183487
BCKDHB,5,0.7942841007567571
BCKDHB,5,0.7942841007567571
MANEA,1,0.8446551275892323
UFL1,2,0.6584224502500737
CEP57L1,4,0.50142548061986425
FIG4,1,0.7568941123693272
MFSD4B,2,0.428798742827124
KPNA5,2,1.0494088291177341
KPNA5,2,1.0494088291177341
NUS1,1,0.24702659875174662
HSF2,2,0.7263908102537364
SMPDL3A,1,3.2647528194435886
NCOA7,3,0.8947671940233586
TRMT11,3,1.400428385980067
TBPL1,2,1.7430369336670113
MYB,4,0.06751552747448336
TNFAIP3,1,0.8354091668163945
HECA,2,0.62267610637346
LTV1,1,0.4650060000044363
SASH1,1,1.453323981189487
TAB2,1,0.3896627211692037
MTHFD1L,16,0.36464588576006735
MTHFD1L,16,0.36464588576006735
SCAF8,7,1.0499468820654376
IGF2R,15,0.6381659003081523
QKI,3,0.19935761556272344
TBP,3,0.2302879115498768
GMDS,12,0.3424712968718886
BLOC1S5-TXNDC5,3,0.44871642897294917
BLOC1S5-TXNDC5,3,0.44871642897294917
BLOC1S5-TXNDC5,3,0.44871642897294917
BLOC1S5-TXNDC5,3,0.44871642897294917
BLOC1S5-TXNDC5,3,0.44871642897294917
BLOC1S5-TXNDC5,3,0.44871642897294917
BLOC1S5-TXNDC5,3,0.44871642897294917
BLOC1S5-TXNDC5,3,0.44871642897294917
BLOC1S5-TXNDC5,3,0.44871642897294917
BLOC1S5,1,0.18099091455397368
GFOD1,3,0.40419696392767585
RANBP9,7,0.5212964124444505
MCUR1,4,0.9452170426880055
MCUR1,4,0.9452170426880055
MCUR1,4,0.9452170426880055
MCUR1,4,0.9452170426880055
MCUR1,4,0.9452170426880055
MCUR1,4,0.9452170426880055
MCUR1,4,0.9452170426880055
MCUR1,4,0.9452170426880055
NUP153,6,0.12438474885466576
NUDT3,16,0.28133706852736456
GLO1,5,1.4235048722969266
USP49,7,0.9037820577172727
TBCC,2,0.3112963429674786
ZNF318,3,0.030218680001739943
GTPBP2,5,1.1602544568395288
ELOVL5,2,0.2014115089050356
COX7A2,5,0.9540308051757629
PHIP,7,0.936846461489326
IBTK,2,0.3817938414036476
UBE3D,3,0.4567790568046266
PGM3,1,0.03006802199862842
SNX14,16,0.056328898207989885
SYNCRIP,16,0.12756312102291864
RARS2,11,0.17249978170499236
RNGTT,2,1.0684793338089624
MDN1,18,2.079963681627312
GPR63,1,0.02466471419135285
MMS22L,1,0.4679733844093303
MMS22L,1,0.4679733844093303
ASCC3,9,0.5483343238639214
HACE1,4,1.0111343246451376
PREP,1,0.07326265621901985
ATG5,9,0.10361378624458761
SEC63,1,0.3747526835554532
CDK19,8,0.40119167302834263
REV3L,3,0.7193864001113187
FYN,1,0.5790584183032967
TUBE1,3,1.507433609312961
HDAC2,3,0.7708511743452161
GOPC,7,1.325200509987965
HBS1L,14,1.3918133871856873
AHI1,4,0.11520025681434823
AHI1,4,0.11520025681434823
AHI1,4,0.11520025681434823
MAP3K5,6,0.5110246962997923
NHSL1,2,0.40626299857095355
ADAT2,2,0.5989479048427926
SHPRH,1,1.07214045336904
PPIL4,1,0.3100577410899048
KATNA1,4,0.34486406898646715
FBXO5,1,0.029754656621875878
EZR,3,0.23955098906237426
RPS6KA2,2,1.4367774149709573
MAFK,7,1.5426980904587893
CHST12,4,0.774647804215524
LFNG,2,0.261074642354616
FOXK1,5,0.16281926072120725
CCZ1,2,0.7103052430013974
ZNF316,2,0.45534089612503015
GLCCI1,1,0.6863926594113691
PHF14,7,1.091785581802675
HDAC9,9,0.5453296870580753
SNX10,1,0.6692136259872308
ZNRF2,2,1.449440148382696
ZNRF2,2,1.449440148382696
INMT-MINDY4,1,5.6477127372934275
INMT-MINDY4,1,5.6477127372934275
INMT-MINDY4,1,5.6477127372934275
INMT-MINDY4,1,5.6477127372934275
INMT-MINDY4,1,5.6477127372934275
INMT-MINDY4,1,5.6477127372934275
INMT-MINDY4,1,5.6477127372934275
INMT-MINDY4,1,5.6477127372934275
INMT-MINDY4,1,5.6477127372934275
INMT-MINDY4,1,5.6477127372934275
INMT-MINDY4,1,5.6477127372934275
INMT-MINDY4,1,5.6477127372934275
INMT-MINDY4,1,5.6477127372934275
INMT-MINDY4,1,5.6477127372934275
INMT-MINDY4,1,5.6477127372934275
INMT-MINDY4,1,5.6477127372934275
INMT-MINDY4,1,5.6477127372934275
INMT-MINDY4,1,5.6477127372934275
ANLN,1,0.4945014553790437
STARD3NL,1,0.9852391871904799
STARD3NL,1,0.9852391871904799
STK17A,1,0.748288412978596
OGDH,1,0.27942828613848364
ZNF107,2,1.0852688329478757
VKORC1L1,2,0.9014224470861983
RABGEF1,4,0.9611016599086668
RABGEF1,4,0.9611016599086668
RABGEF1,4,0.9611016599086668
RABGEF1,4,0.9611016599086668
RABGEF1,4,1.3868796179304248
RABGEF1,4,1.3868796179304248
RABGEF1,4,1.3868796179304248
RABGEF1,4,1.3868796179304248
RABGEF1,4,0.9611016599086668
RABGEF1,4,0.9611016599086668
RABGEF1,4,0.9611016599086668
RABGEF1,4,0.9611016599086668
RABGEF1,4,1.3868796179304248
RABGEF1,4,1.3868796179304248
RABGEF1,4,1.3868796179304248
RABGEF1,4,1.3868796179304248
RABGEF1,4,0.9611016599086668
RABGEF1,4,0.9611016599086668
RABGEF1,4,0.9611016599086668
RABGEF1,4,0.9611016599086668
RABGEF1,4,1.3868796179304248
RABGEF1,4,1.3868796179304248
RABGEF1,4,1.3868796179304248
RABGEF1,4,1.3868796179304248
RABGEF1,4,0.9611016599086668
RABGEF1,4,0.9611016599086668
RABGEF1,4,0.9611016599086668
RABGEF1,4,0.9611016599086668
RABGEF1,4,1.3868796179304248
RABGEF1,4,1.3868796179304248
RABGEF1,4,1.3868796179304248
RABGEF1,4,1.3868796179304248
RABGEF1,4,0.9611016599086668
RABGEF1,4,0.9611016599086668
RABGEF1,4,0.9611016599086668
RABGEF1,4,0.9611016599086668
RABGEF1,4,1.3868796179304248
RABGEF1,4,1.3868796179304248
RABGEF1,4,1.3868796179304248
RABGEF1,4,1.3868796179304248
RABGEF1,4,0.9611016599086668
RABGEF1,4,0.9611016599086668
RABGEF1,4,0.9611016599086668
RABGEF1,4,0.9611016599086668
RABGEF1,4,1.3868796179304248
RABGEF1,4,1.3868796179304248
RABGEF1,4,1.3868796179304248
RABGEF1,4,1.3868796179304248
RABGEF1,4,0.9611016599086668
RABGEF1,4,0.9611016599086668
RABGEF1,4,0.9611016599086668
RABGEF1,4,0.9611016599086668
RABGEF1,4,1.3868796179304248
RABGEF1,4,1.3868796179304248
RABGEF1,4,1.3868796179304248
RABGEF1,4,1.3868796179304248
RABGEF1,4,0.9611016599086668
RABGEF1,4,0.9611016599086668
RABGEF1,4,0.9611016599086668
RABGEF1,4,0.9611016599086668
RABGEF1,4,1.3868796179304248
RABGEF1,4,1.3868796179304248
RABGEF1,4,1.3868796179304248
RABGEF1,4,1.3868796179304248
RABGEF1,4,0.9611016599086668
RABGEF1,4,0.9611016599086668
RABGEF1,4,0.9611016599086668
RABGEF1,4,0.9611016599086668
RABGEF1,4,1.3868796179304248
RABGEF1,4,1.3868796179304248
RABGEF1,4,1.3868796179304248
RABGEF1,4,1.3868796179304248
RABGEF1,4,0.9611016599086668
RABGEF1,4,0.9611016599086668
RABGEF1,4,0.9611016599086668
RABGEF1,4,0.9611016599086668
RABGEF1,4,1.3868796179304248
RABGEF1,4,1.3868796179304248
RABGEF1,4,1.3868796179304248
RABGEF1,4,1.3868796179304248
POM121,2,0.04996350764531242
GTF2I,14,0.13860226945149248
GTF2I,14,0.13860226945149248
ZP3,1,0.8486856164970206
PTPN12,8,0.3094746816640839
PHTF2,7,0.3086567160449184
AKAP9,2,1.9453858911506081
RBM48,1,1.5814319455365957
ARPC1A,1,0.15406920891507872
AGFG2,1,0.08460606973408434
KMT2E,4,1.1432124881264865
RINT1,1,0.37595110152649036
IFRD1,1,0.009615271317171211
ST7,1,0.13984043117300135
AHCYL2,7,1.111926703784696
NRF1,5,0.28503467307733676
KLHDC10,4,0.09432429522940203
MKLN1,10,0.4709581463041347
MKLN1,10,0.4709581463041347
MKLN1,10,0.4709581463041347
MKLN1,10,0.4709581463041347
MKLN1,10,0.4709581463041347
MKLN1,10,0.4709581463041347
MKLN1,10,0.4709581463041347
MKLN1,10,0.4709581463041347
MKLN1,10,0.4709581463041347
MKLN1,10,0.4709581463041347
MKLN1,10,0.4709581463041347
MKLN1,10,0.4709581463041347
MKLN1,10,0.4709581463041347
EXOC4,4,0.10156633669974596
NUP205,3,1.052391385552213
TRIM24,4,0.09393469348156316
UBN2,3,0.7582027196762624
LUC7L2,12,0.2243204113031584
CUL1,2,0.2673257424552365
ZNF783,8,0.025567069090193597
GALNT11,3,0.5835919031392027
UBE3C,9,0.09400233675871193
ADAP1,6,1.2347730130820576
COX19,3,0.5885002783839586
INTS1,3,0.09257112717278086
FBXL18,2,0.24967323986928688
CCZ1B,3,0.24383716112064183
CCZ1B,3,0.24383716112064183
CCZ1B,3,0.24383716112064183
CCZ1B,3,0.24383716112064183
CCZ1B,3,0.24383716112064183
CCZ1B,3,0.24383716112064183
CCZ1B,3,0.24383716112064183
CCZ1B,3,0.24383716112064183
CCZ1B,3,0.24383716112064183
CCZ1B,3,0.24383716112064183
CCZ1B,3,0.24383716112064183
CCZ1B,3,0.24383716112064183
NDUFA4,1,0.7567830043915782
CYCS,1,0.6317790114417964
SKAP2,6,0.7098297999570503
SKAP2,6,0.7098297999570503
HOXA7,1,0.39784368163224426
HOXA9,2,0.2987581445274183
HOXA9,2,0.2987581445274183
HIBADH,8,0.41111031891569566
KBTBD2,5,1.1379983042975557
NT5C3A,1,0.5750472867367816
C7orf25,19,1.0329529068787344
PSMA2,18,0.19422243221697577
URGCP,8,0.13907602647021827
TMED4,1,0.09261427311131445
TNS3,4,0.010024250739178925
HUS1,2,0.8778795578214053
FIGNL1,1,0.5672261965780641
VOPP1,1,0.32737568360337005
TRIM74,1,1.5158606350775614
BAZ1B,8,0.2521347263539866
BAZ1B,8,0.2521347263539866
POM121C,4,0.0657003395589209
SLC25A40,3,0.8178545936093653
SLC25A40,3,0.8178545936093653
KRIT1,3,0.8171859926140098
CDK6,11,0.6281889449421592
ASNS,1,0.2954899655644125
SMURF1,1,0.4842664713440927
FBXL13,1,0.22256012489230315
COG5,6,0.8844497675373318
THAP5,2,0.12219762286187676
ZNF800,1,0.42221602520132395
SLC35B4,2,0.553108846068982
SLC35B4,2,0.553108846068982
SLC35B4,2,0.553108846068982
SLC35B4,2,0.553108846068982
SLC35B4,2,0.553108846068982
CREB3L2,6,1.552818316681652
HIPK2,1,0.6986052097937164
KDM7A,6,1.109546278947048
BRAF,7,1.1516017780491197
EZH2,10,0.3110188390577429
PRKAG2,3,1.1849766156706654
KMT2C,7,0.149522544043222
PAXIP1,1,0.5576823139352337
LMBR1,2,0.55175544807836
LMBR1,2,0.55175544807836
LMBR1,2,0.55175544807836
LMBR1,2,0.55175544807836
LMBR1,2,0.55175544807836
LMBR1,2,0.55175544807836
LMBR1,2,0.55175544807836
LMBR1,2,0.55175544807836
LMBR1,2,0.55175544807836
LMBR1,2,0.55175544807836
LMBR1,2,0.55175544807836
LMBR1,2,0.55175544807836
LMBR1,2,0.55175544807836
LMBR1,2,0.55175544807836
LMBR1,2,0.55175544807836
LMBR1,2,0.55175544807836
LMBR1,2,0.55175544807836
NCAPG2,4,0.3795160886594152
ESYT2,10,0.2806172891729095
TNKS,5,0.16921251528438913
MTMR9,1,0.4750668778108541
VPS37A,4,0.7451782852039053
VPS37A,4,0.7451782852039053
VPS37A,4,0.7451782852039053
VPS37A,4,0.7451782852039053
VPS37A,4,0.7451782852039053
VPS37A,4,0.7451782852039053
SLC7A2,1,0.47950891214134245
PCM1,1,1.897325594419619
XPO7,4,0.5738968059803853
POLR3D,4,1.6494677462518579
PPP3CC,8,1.0589403535927202
DOCK5,14,0.9913318894770015
PTK2B,3,1.1472514680504835
ESCO2,1,0.29368455409591776
HMBOX1,3,0.4283785056961106
HMBOX1,3,0.4283785056961106
HMBOX1,3,0.4283785056961106
DCTN6,1,1.2326773211804742
WRN,7,0.30878605713317003
MAK16,4,0.7393098227376559
ADGRA2,5,0.1276494382200818
ASH2L,6,0.6421295318596126
DDHD2,2,0.6984731520988131
DDHD2,2,0.6984731520988131
LETM2,1,0.4502169339697811
TACC1,2,0.043021711661734505
PLEKHA2,1,0.002617421986508574
AP3M2,4,0.18417610982247193
POLB,7,0.27124631542953104
HOOK3,29,1.1860861526099529
FNTA,13,0.0942429828232164
SPIDR,17,0.07470030965531849
UBE2V2,5,0.09973774979061789
TGS1,12,0.6420984188552453
YTHDF3,4,0.8327853964084877
SGK3,19,0.36319255659999605
CSPP1,10,1.2267404447811248
RDH10,1,0.7974331413523468
ZBTB10,1,0.7784583984066572
CA2,2,0.43716334747484653
WWP1,7,3.0590225596704035
OTUD6B,1,0.666475600062918
PDP1,5,0.2960655931800709
DPY19L4,9,0.20688352356781017
DPY19L4,9,0.20688352356781017
DPY19L4,9,0.20688352356781017
NDUFAF6,14,0.7195127560432008
NDUFAF6,14,0.7195127560432008
NDUFAF6,14,0.7195127560432008
NDUFAF6,14,0.7195127560432008
NDUFAF6,14,0.7195127560432008
NDUFAF6,14,0.7195127560432008
NDUFAF6,14,0.7195127560432008
PLEKHF2,1,0.5768944928198083
LAPTM4B,3,0.016677688653142925
VPS13B,14,1.6285504903163832
OXR1,2,0.3306174255624248
EBAG9,1,0.13104371586877556
MTBP,1,0.7870278950686735
TBC1D31,3,1.569372991794669
FAM91A1,1,0.12918286912496676
RNF139,2,0.18620770499857078
NSMCE2,1,0.05883476337692654
TRIB1,4,0.16410885137110917
THEM6,6,0.36775926801394954
MROH1,11,0.18270543986736068
ADCK5,3,1.1714817196680551
ERICH1,4,0.4606044018476419
MFHAS1,1,0.39179973754802994
PINX1,2,0.1981059532912303
REEP4,6,1.05391201661016
TNFRSF10B,2,0.4300245108847457
CCDC25,1,0.31562079224378653
CCDC25,1,0.31562079224378653
CCDC25,1,0.31562079224378653
CCDC25,1,0.31562079224378653
KIF13B,4,1.530036939121029
SARAF,2,0.15053402878986719
GTF2E2,2,0.37681950874006426
GSR,3,0.05964533319707025
PPP2CB,2,0.06645420495817177
FUT10,4,0.5721791163774729
KAT6A,3,0.8829871274564475
SLC20A2,12,0.10549537705274463
THAP1,3,0.15132658892399253
RNF170,1,0.05572141208029347
CEBPD,1,1.11228790527392
PRKDC,11,0.8763308558635491
ATP6V1H,2,0.5249137552739365
LYPLA1,9,0.2549837546301586
TMEM68,3,1.6033532794654306
TOX,1,0.078697648458275
ASPH,2,0.19686420080775419
ARMC1,7,0.2546708791740358
PDE7A,11,1.3550919891331483
VCPIP1,3,0.3619907804806051
ARFGEF1,12,0.519791549678312
NCOA2,6,0.5272595437304443
STAU2,2,0.19425653231663426
UBE2W,36,3.1702800260423154
UBE2W,36,3.1702800260423154
UBE2W,36,3.1702800260423154
ELOC,3,0.9404275605010078
TPD52,10,0.13202710324298628
IMPA1,4,0.8225289792345092
SNX16,1,1.3915998226808008
RAD54B,3,0.7715228162209378
CCNE2,1,0.8906584444766487
STK3,11,1.770490629516118
PABPC1,8,0.8925810478044692
PABPC1,8,0.8925810478044692
RRM2B,7,0.685845863700341
UBR5,7,1.3211272716029723
KLF10,1,0.1081099559402395
SLC25A32,4,0.6206092431032156
LRP12,2,0.6358947045063417
EIF3E,18,0.07552268713864446
RAD21,6,0.5025651238236469
SNTB1,5,0.8354534800220531
DERL1,13,0.2078266955503351
ZHX1,2,0.38854716969245295
ZHX1,2,0.38854716969245295
ATAD2,16,1.55157957722314
TMEM65,8,1.0452406460776331
WASHC5,6,0.39893350983133846
NDRG1,2,0.6586067814962943
TRAPPC9,26,0.732591184282069
AGO2,15,0.9570771091169855
TSNARE1,1,0.019170601735268494
DOCK8,14,0.13823533718134426
SMARCA2,4,0.7960525429117311
VLDLR,2,0.05740125059837847
RCL1,2,2.197937680757702
JAK2,2,1.9929257197330519
RIC1,2,0.7146816314423835
UHRF2,6,1.187639247309156
KDM4C,1,1.1969842767851162
SNAPC3,2,1.3836086577338855
SNAPC3,2,1.3836086577338855
DENND4C,1,0.6233611247905123
FOCAD,1,0.7193791881578043
IFT74,2,0.7473649492980852
DNAJA1,1,0.21336435456377562
RUSC2,2,3.465315021138251
MELK,4,0.09574700873977385
ZCCHC7,6,0.8352170162159726
C9orf85,2,0.19664467279461997
VPS13A,2,1.72052399745101
TLE4,3,0.5616255495883512
SPIN1,3,0.011916165050121422
CARD19,1,0.8108349463622528
PTPDC1,1,1.0200936697047422
TDRD7,2,1.2754490693090457
NCBP1,5,0.7164337967907357
TGFBR1,2,0.22337362898359878
STX17,1,0.1883957885284413
INVS,4,0.42742397971120905
RNF20,1,0.9234290797681504
SMC2,1,0.7861702623394513
SLC44A1,2,0.008936590766831745
UGCG,1,0.9113971914334325
KIAA1958,2,0.7407455681961854
SNX30,1,0.6021205381350073
SLC31A2,1,0.16822904844938702
CNTRL,4,1.8965117359851476
RABGAP1,3,1.505286214951393
ARPC5L,2,0.030657170834482973
GAPVD1,13,0.30597597550428013
ZBTB34,1,0.6967013410425237
SLC25A25,3,1.694868846888487
DNM1,2,1.6481122701157795
GLE1,3,0.702005724968482
SPTAN1,1,1.4509457086670592
TBC1D13,1,0.5764654849582409
GPR107,1,0.11734884353411819
FUBP3,1,0.21568205718350011
EXOSC2,13,2.573483500819573
NUP214,4,0.32303004608672015
TOR4A,1,2.556129247181469
CBWD1,1,0.25776591268159493
PUM3,3,1.4367105292507778
RFX3,1,1.1032977411152385
ERMP1,3,0.6098489625275674
MLLT3,3,0.734604739800586
PLAA,1,0.7343203532584386
B4GALT1,8,0.0951297093722483
UBAP2,5,0.5535068033159142
DCAF12,4,0.34139569568935163
KIF24,1,0.2772637157391839
FAM214B,1,1.3386668740348495
GBA2,1,0.7083529048952244
SHB,1,0.323436260316221
PTAR1,1,0.9027174068013183
ABHD17B,3,0.3299651143488095
ZFAND5,1,0.23507332983098883
CARNMT1,6,0.2947682269050754
RFK,1,0.7639776260393888
GNAQ,3,0.06278181757930204
TLE1,2,0.21127459990898192
UBQLN1,4,0.49805122337159313
AGTPBP1,3,0.7533668251248159
SEMA4D,1,0.25505141930910913
ZNF484,1,0.5740091487787242
ZNF367,7,0.07911657068550063
PTPN3,3,0.7583523880564308
LPAR1,3,0.9319167308564513
SUSD1,1,0.22321453497117272
PTBP3,12,0.17307973333384005
CDK5RAP2,1,0.7553316215155694
RBM18,1,0.5379758911195452
RC3H2,1,1.6962324425965394
ZBTB6,1,2.02059295856176
ZBTB26,5,0.8940301861515777
NR6A1,4,1.3989588725310755
GOLGA1,8,0.006877640900832992
SCAI,4,0.37494859322886886
KYAT1,2,0.8241180824764761
FNBP1,5,0.38125042252572644
FAM78A,3,0.5689757123260066
RAPGEF1,2,0.17003813828614722
MED27,3,0.30574885162416693
SETX,2,0.4403548559432899
RALGDS,1,1.0892358883817888
"NACC2",5,0.7103304225066128
ABCA2,1,0.14209657488047078
ZMYND19,3,1.0041423365196043
PFKFB3,11,0.9368948036586991
TAF3,1,0.6489761047673975
CELF2,1,1.5473169518279601
CELF2,1,1.5473169518279601
DHTKD1,3,0.8412531659037976
PRPF18,2,0.570488070614477
STAM,1,0.09134744252151365
ARL5B,2,1.5072607275220762
BMI1,2,1.1750373559355547
PDSS1,3,0.5157599717423123
MASTL,4,0.6744846432645791
ZNF33A,1,2.575161137495665
BMS1,2,0.3902817417150673
CSGALNACT2,3,2.418061133094261
AGAP6,1,0.6146834305121368
UBE2D1,1,0.24198014584148897
CDK1,2,0.33004245992750686
ADO,3,0.3751748778217665
REEP3,10,0.4283167297400103
SIRT1,6,1.455381726543546
CCAR1,4,0.9452596955435785
CCAR1,4,0.9452596955435785
CCAR1,4,0.9452596955435785
CCAR1,4,0.9452596955435785
CCAR1,4,0.9452596955435785
CCAR1,4,0.9452596955435785
CCAR1,4,0.9452596955435785
CCAR1,4,0.9452596955435785
CCAR1,4,0.9452596955435785
CCAR1,4,0.9452596955435785
CCAR1,4,0.9452596955435785
DDX21,2,0.40539511198578154
SUPV3L1,1,0.4623350455082584
HK1,1,0.45042626132065794
KAT6B,2,0.6167113808690413
SAMD8,1,0.24313995051472845
VDAC2,3,0.09363466255047628
GHITM,10,0.42021070725402
PTEN,3,0.41770253464044
KIF20B,3,0.4937335533514748
TNKS2,2,0.23598184991306276
BTAF1,11,0.7143488114277325
KIF11,3,0.23738214794026952
EXOC6,1,0.7396679713853415
TBC1D12,2,0.5682138912939632
LCOR,12,0.477400872072599
ZFYVE27,3,3.057645864813039
R3HCC1L,5,0.4674239154632749
ENTPD7,3,0.07114917084505962
SLF2,1,0.20436299515763176
CNNM2,3,0.5789155720415776
MXI1,2,0.4315199040820088
SMC3,7,0.7208930515643063
SHOC2,4,0.6506923497545443
VTI1A,3,0.1852082884368192
TRUB1,1,0.13566422874044484
INPP5F,2,0.18560511881769615
WDR11,2,0.37678759619988283
ZRANB1,1,1.1624162936833027
EDRF1,4,1.4209877125903592
PPP2R2D,1,0.7863038618391762
PPP2R2D,1,0.7863038618391762
PPP2R2D,1,0.7863038618391762
PPP2R2D,1,0.7863038618391762
LARP4B,17,0.05764579652852248
GDI2,5,0.2630230926797346
SFMBT2,23,0.8820860229210569
UPF2,14,1.0403618907248047
FAM107B,15,0.2924035472210491
DNAJC1,7,0.04583380727135708
PIP4K2A,9,0.24002420521684575
ARHGAP21,1,0.7446636399581896
YME1L1,2,0.105959978456268
MTPAP,3,0.6940229471199142
ZNF438,1,0.26277972438704617
KIF5B,3,1.4558628805131901
KIF5B,3,1.4558628805131901
EPC1,7,0.7840567448554789
ITGB1,3,0.5144256898366403
ZNF248,1,1.647529058341123
ZNF25,1,1.2145487605753358
PARG,1,0.7461731990898618
IPMK,4,1.0784058782257469
JMJD1C,12,0.482876089942541
HERC4,5,0.08245706518008394
RUFY2,1,1.5820909647696313
DNA2,2,0.6385051173612349
SLC25A16,10,0.8386248346329374
SLC25A16,10,0.8386248346329374
SLC25A16,10,0.8386248346329374
SLC25A16,10,0.8386248346329374
SLC25A16,10,0.8386248346329374
SLC25A16,10,0.8386248346329374
SLC25A16,10,0.8386248346329374
SLC25A16,10,0.8386248346329374
SLC25A16,10,0.8386248346329374
LRRC20,1,0.9844405161412204
ASCC1,2,0.02826121820740114
P4HA1,5,0.3521316041071953
ECD,4,0.29973032521838505
PPP3CB,2,0.1331349588239659
AP3M1,3,0.6538613968192439
ZNF503,4,0.912074317336581
KCNMA1,4,0.5536949884398629
POLR3A,2,0.2741397700995709
ATAD1,1,0.2983361058004395
PANK1,1,0.6429016407263484
CPEB3,1,0.9322580999118347
IDE,10,0.7320712236892146
NOC3L,1,1.1420848442102343
ALDH18A1,1,0.07723076386935553
ARHGAP19,3,0.2224040905658846
CHUK,1,0.5785337684381513
POLL,4,0.010838698473930253
ACTR1A,4,0.41241956323283674
SH3PXD2A,1,0.33227926549689485
ITPRIP,3,1.0036171088996473
XPNPEP1,1,0.22830977512761838
CACUL1,2,0.8218553927324488
CACUL1,2,0.8218553927324488
CACUL1,2,0.8218553927324488
CACUL1,2,0.8218553927324488
EIF3A,4,0.42718357641306215
EIF3A,4,0.42718357641306215
PRDX3,1,0.3547189269211117
TIAL1,5,0.36642005154859175
PNPLA2,1,0.09513541194471033
STIM1,4,0.21619723443758296
RRM1,2,0.7235481335432594
ZNF143,3,0.5111535467868796
WEE1,1,1.0313638384087926
SWAP70,3,1.387236473042246
CTR9,1,1.2970093907422096
ARNTL,1,0.05349226334849255
NUCB2,12,0.9242384008998088
ZDHHC13,1,0.21764059857878046
ANO3,2,0.5920555195793136
QSER1,9,0.047720264820412354
TCP11L1,2,1.8207853505633695
CAPRIN1,9,0.4196212009979794
PDHX,2,1.0118099686035094
TRIM44,3,0.4338382010836247
TTC17,8,0.5325222398171393
ACCS,1,0.5977664507388928
MADD,3,0.02559012792754875
TMX2,1,0.7734996656241463
CTNND1,5,0.015406331544735585
ZFP91,2,0.07420520025812645
CCDC86,1,0.24410454702779433
MARK2,5,0.06323761224468277
COX8A,3,0.7213949583086239
STIP1,1,0.23763354613610194
GPR137,5,2.3568384357860395
ESRRA,3,0.8966051595578548
PPP2R5B,1,1.7124635698460546
KLC2,8,0.8687047535938178
ANKRD13D,3,2.4613031917270924
LRP5,1,0.5179175683224182
IGHMBP2,2,0.39733227789713627
CTTN,2,0.26492884391365107
INPPL1,2,0.5279484758528658
ATG16L2,2,2.19317979997122
RELT,2,0.7260123557921445
ANKRD42,2,0.7636584295539658
CEP295,4,1.1628833932464677
PIWIL4,1,0.3919496863318015
PIWIL4,1,0.3919496863318015
PIWIL4,1,0.3919496863318015
PIWIL4,1,0.3919496863318015
PIWIL4,1,0.3919496863318015
PIWIL4,1,0.3919496863318015
PIWIL4,1,0.3919496863318015
SRSF8,1,0.09429220372387434
SRSF8,1,0.09429220372387434
ARHGAP42,1,0.23415737675135817
DDX10,1,1.5623154067524443
DLAT,1,0.941718144752583
RNF214,3,0.27442168159775526
CEP164,1,0.988757839988245
KMT2A,2,0.4540666519277086
ARCN1,1,0.4887667036090384
C2CD2L,3,2.5599490681645496
CBL,9,0.19896153196793115
OAF,2,0.1603934219726875
EI24,5,0.0030217591393823244
CHEK1,1,0.2502203271149974
ST3GAL4,2,0.8283650371760453
SLC25A22,3,2.065286338917092
DENND5A,2,1.1615557219707162
PIK3C2A,5,1.1210613638504057
HPS5,1,0.8576726607564595
KIF18A,2,1.0132435293243671
IMMP1L,2,0.4047091300654224
APIP,1,0.7191828838079605
PHF21A,4,0.7325426745924325
AMBRA1,14,0.5227155256664318
CELF1,5,0.04370157316688029
CELF1,5,0.04370157316688029
FNBP4,9,0.9443826271299268
NUP160,2,1.1652288424330974
VPS37C,1,0.22145539905790448
ATL3,4,0.1787229107826571
PC,1,0.13699782691405374
CLCF1,1,4.613339801940631
TMEM134,1,1.139681130309641
PITPNM1,2,1.5029081742094241
UNC93B1,1,0.3140163810632703
C11orf24,1,9.12828456728143e-4
FCHSD2,3,0.30744733487686693
RAB6A,10,0.5407579078883399
LIPT2,1,1.8918113284508489
ARRB1,4,0.377684972951016
GAB2,6,0.30225979223818555
CCDC90B,2,0.4616190552210652
PICALM,1,0.5220583086524113
MTMR2,4,0.8377109883280137
CCDC82,1,0.7367943144813933
MSANTD4,2,0.3819333789644884
ALKBH8,4,0.0966906886958089
PPP2R1B,2,0.7076599674342936
DDX6,4,0.4469452665623742
DDX6,4,0.4469452665623742
USP2,2,1.9405375394746542
FEZ1,1,0.004780389781709207
ZBTB44,6,0.5387279311133267
SNX19,4,0.28131483433542825
WNK1,11,0.021359858496695507
ERC1,2,1.0709822621033158
ADIPOR2,3,0.37538437185243817
ITFG2,1,0.3879793423318801
RAD51AP1,1,0.3529312108883716
TAPBPL,4,0.37936218645091896
LRRC23,2,0.6940494186105723
LRRC23,2,0.6940494186105723
LRRC23,2,0.6940494186105723
LRRC23,2,0.6940494186105723
LRRC23,2,0.6940494186105723
ENO2,2,3.5106803588718636
CDKN1B,3,0.1987984954833088
CDKN1B,3,0.1987984954833088
APOLD1,5,0.7760218520546036
DDX47,4,0.011908861409440795
ATF7IP,1,0.3645258222011833
AEBP2,5,0.7188161006715045
CMAS,1,0.9242606829791241
ETNK1,2,0.7190385720669531
ETNK1,2,0.7190385720669531
STK38L,2,0.640406383619801
ARNTL2,2,1.0112612626086503
PPFIBP1,1,0.8763678073387828
FAR2,1,0.8748414701023183
BICD1,1,0.6036294114328622
DNM1L,1,0.24138344765288067
PPHLN1,3,0.05353527071111228
TMEM117,2,1.092721158535247
ARID2,4,0.6502603750681676
PFKM,1,0.5948113546598929
TROAP,1,0.3743356985598106
ASIC1,1,0.28779673633914765
LARP4,7,0.6554057565750175
DIP2B,10,0.415608852717528
LETMD1,11,0.683062912613612
ACVR1B,1,0.7367167910548089
EIF4B,4,0.11323805428962347
GDF11,4,2.8011408110696325
COQ10A,2,1.0949497103159707
MBD6,4,0.10427791592496183
USP15,3,0.8283807264769195
MON2,2,0.7518819171280536
XPOT,1,0.5197956248779194
RAP1B,1,0.8365175921151626
RAP1B,1,0.8365175921151626
NUP107,3,0.18072191880176686
CPSF6,4,0.7074275825198417
CPSF6,4,0.7074275825198417
FRS2,1,0.7937652800782918
CCT2,12,0.3368708583924375
CNOT2,4,0.3515422709010303
ZDHHC17,1,1.0714273417495712
MRPL42,4,0.2555022406714025
VEZT,1,0.2530858922255729
VEZT,1,0.2530858922255729
VEZT,1,0.2530858922255729
VEZT,1,0.2530858922255729
VEZT,1,0.2530858922255729
VEZT,1,0.2530858922255729
VEZT,1,0.2530858922255729
VEZT,1,0.2530858922255729
VEZT,1,0.2530858922255729
VEZT,1,0.2530858922255729
VEZT,1,0.2530858922255729
METAP2,3,0.5235830239944919
TMPO,2,0.09963361369993906
APAF1,13,0.417610474932703
UTP20,2,0.38934573450629756
HSP90B1,3,0.46445354648723147
TXNRD1,3,0.14738468069210323
CHST11,16,0.9490980230029845
WASHC4,2,0.4189343264259483
RIC8B,1,1.6376289545575273
IFT81,1,1.2679365955757234
ATP2A2,13,0.3188636609230279
FAM216A,5,0.8563777062122884
CUX2,2,1.051485783420518
SH2B3,4,0.05805834818147471
ACAD10,2,1.709734115664807
MAPKAPK5,4,0.5700361359874608
TPCN1,9,0.41071063122971446
RFC5,2,1.2294008178258755
SUDS3,5,0.8117400172491785
GATC,2,1.1435129575205603
DYNLL1,2,0.8076310273387742
TMEM120B,3,0.4526319435025105
TMEM120B,3,0.4526319435025105
BCL7A,2,0.5949241399646313
KNTC1,6,1.3251973134020514
DDX55,2,0.45214528693447864
BRI3BP,10,0.5571890419465405
ULK1,1,0.41667305822142897
KDM5A,3,0.9403260133228406
RAD52,4,0.11860485399393933
C12orf4,1,1.5142630980521312
NOP2,1,0.12881917293207273
MAGOHB,1,0.27942520930357817
YBX3,1,0.27122202150460606
YBX3,1,0.27122202150460606
WBP11,4,0.33270850541023095
EPS8,2,0.9442034645452221
C2CD5,2,0.49494172677455855
BCAT1,10,1.2967844593098194
KRAS,1,0.27081365693513393
CPNE8,3,1.2746416463201882
SLC2A13,1,1.4787711839868714
GXYLT1,1,0.7062896588485822
PRICKLE1,1,1.1195538040357862
SLC38A1,2,0.9245582263696128
SLC38A2,5,0.09948076709353683
SENP1,2,0.0913710143953857
ASB8,1,0.06588397640122909
KANSL2,5,1.9907603603450617
KMT2D,25,1.5290120539107777
CERS5,4,0.5608482287812794
SLC11A2,8,0.7291591453032986
CSRNP2,2,0.7806387418409031
TFCP2,6,0.38857578768441653
RARG,1,0.9374891464368332
ATF7,2,0.11209403459752162
CBX5,12,1.020174078664466
ITGA7,2,0.8290146474753634
SMARCC2,2,0.7508085761170281
ZBTB39,2,1.0778449652232773
NEMP1,7,0.43043596340987383
R3HDM2,13,1.5316872385423257
DDIT3,2,1.4832472969552397
ZFC3H1,9,0.9843718280774291
"NAP1L1",6,0.3970897712538628
E2F7,3,0.5733652256308218
PPP1R12A,9,0.9984175553993485
SLC6A15,3,0.17697887137578694
ATP2B1,1,0.027032240943201256
EEA1,2,0.55042800177311
UBE2N,2,0.2615341326403241
CEP83,1,0.45872804652560056
CDK17,2,0.7350628715156368
NT5DC3,6,0.8143406129430407
C12orf73,1,0.3454068976146899
PRDM4,1,0.15124318668757275
GIT2,24,0.718313474413409
GPN3,1,0.32702952928499907
PPTC7,1,1.2619752835103277
ATXN2,9,0.7067644625628131
"NAA25",8,0.5058271962282079
HECTD4,6,1.8783053118493591
RBM19,2,0.5228715309676981
RBM19,2,0.5228715309676981
TBX3,1,0.7781596399086147
MED13L,7,1.5469020901700408
WSB2,1,0.7329249053017539
TAOK3,13,0.46640965260367084
CIT,11,0.7394880284946027
COQ5,1,0.21327394443634323
KDM2B,9,0.7026810556728751
KDM2B,9,0.7026810556728751
CLIP1,2,0.848608718928687
RSRC2,4,0.11030513160953423
RSRC2,4,0.11030513160953423
RSRC2,4,0.11030513160953423
RSRC2,4,0.11030513160953423
RSRC2,4,0.11030513160953423
RSRC2,4,0.11030513160953423
RSRC2,4,0.11030513160953423
RSRC2,4,0.11030513160953423
ABCB9,1,0.7551647295340046
MPHOSPH9,2,0.40082304952996045
MPHOSPH9,2,0.40082304952996045
MPHOSPH9,2,0.40082304952996045
MPHOSPH9,2,0.40082304952996045
STX2,1,0.473618544337723
POLE,3,0.34663564021178905
ANKLE2,1,0.1549466341468547
GOLGA3,3,0.5599276923068732
ZMYM2,3,1.0735131426990985
IFT88,2,1.0825508806385904
CDK8,3,0.5359688772852262
PAN3,20,0.7048694973452823
USPL1,2,0.5347617146172854
B3GLCT,2,0.7112595934155178
FRY,8,1.7982938666097117
BRCA2,1,1.1459846174060244
RFC3,1,0.2500739244038122
UFM1,2,0.6303004389983642
AKAP11,4,1.0322064434894553
GTF2F2,5,0.033027528316401926
LRCH1,4,1.5505069209014313
ITM2B,5,0.3840157210206
ITM2B,5,0.3840157210206
ITM2B,5,0.3840157210206
FNDC3A,4,0.513685810496012
PHF11,2,0.7658061163223787
RNASEH2B,8,0.1255406682846146
WDFY2,2,1.084106719790144
ALG11,6,1.3201716624929967
CKAP2,1,0.36768013499648367
HNRNPA1L2,2,0.8325897295239661
PIBF1,13,1.2325974399521786
NDFIP2,2,0.4149798645757794
NDFIP2,2,0.4149798645757794
DNAJC3,1,0.5244051358290078
CLYBL,8,0.11443120822369503
CLYBL,8,0.11443120822369503
PCCA,3,0.8482265725113839
TPP2,5,0.859873207643832
ABHD13,3,0.621942655165364
ATP11A,8,0.748619235508993
ATP11A,8,0.748619235508993
CUL4A,4,0.08674142598844065
PSPC1,5,1.0860362967479613
XPO4,1,0.688889578493458
LATS2,1,0.7145209613964343
SACS,6,0.41476672008282633
PARP4,6,0.07399291612850896
CENPJ,1,0.8289781642087349
MTMR6,2,0.3192621662604448
SLC7A1,6,0.5669520894618482
UBL3,3,0.6359474237887927
CCDC169-SOHLH2,6,3.847980436332094
KBTBD6,1,0.016307211221441083
VWA8,9,1.5346727703378642
SLC25A30,2,1.166189803303834
ZC3H13,2,1.5821452155813707
LCP1,1,0.673828322996609
SUCLA2,2,1.515776558130133
KPNA3,3,0.013040903599703798
INTS6,5,0.5863982039081004
VPS36,2,0.7436905822304958
DIAPH3,2,1.9667492117845677
DACH1,23,0.6724079347520469
MZT1,6,1.8903892629553354
FBXL3,2,0.15619603483000777
MYCBP2,13,0.7359016070448668
SPRY2,2,0.6239948001703445
TGDS,1,0.5211116072261565
DZIP1,1,0.30008364264119497
UGGT2,3,0.18791531707606124
STK24,2,0.0028013409701823327
TEX30,1,0.14077380826337063
ARGLU1,2,0.7810164856851216
IRS2,1,1.4215208708958589
DCUN1D2,4,0.6354292111781333
DCUN1D2,4,0.6354292111781333
DCUN1D2,4,0.6354292111781333
DCUN1D2,4,0.6354292111781333
MMP14,2,0.9316093051501401
SCFD1,6,0.4593649417158287
ARHGAP5,2,0.14083484486573775
SRP54,1,0.9918788647760147
PNN,2,1.2843711861541867
PTGER2,1,0.5125545640053403
FBXO34,1,0.4277099907458002
KTN1,4,0.7422845600956511
ACTR10,1,0.7880036412401935
ACTR10,1,0.7880036412401935
ACTR10,1,0.7880036412401935
ACTR10,1,0.7880036412401935
ACTR10,1,0.7880036412401935
ACTR10,1,0.7880036412401935
ACTR10,1,0.7880036412401935
KIAA0586,3,0.6836485655617139
JKAMP,2,0.35494264274264586
MNAT1,7,0.8990931787226427
SLC38A6,3,0.2161431422101456
HIF1A,1,0.03989591526383615
SNAPC1,2,0.9371307758204476
MTHFD1,1,0.037550418579495155
MTHFD1,1,0.037550418579495155
ZBTB1,1,0.6760037132232057
FNTB,3,0.6331667394288049
GPHN,3,1.7081181236496241
PCNX1,9,0.514293612184005
DCAF4,1,0.7139778905141044
RBM25,2,0.7955613817783661
LIN52,11,2.152520300524072
FCF1,1,0.3912200775883705
YLPM1,1,0.6593729002809011
YLPM1,1,0.6593729002809011
FOS,3,2.1185327451483444
TTLL5,3,1.2761851528969685
SPATA7,2,0.1809407901850587
ZC3H14,3,0.0928293158502092
VRK1,1,1.134058259574415
EVL,4,0.02964476299259612
WDR20,3,0.10036876824849833
RCOR1,22,0.4374418496612136
MARK3,16,0.3139163367449891
BTBD6,2,0.6226172252200902
MTA1,2,0.1334032575995084
TTC5,2,0.9838615047187518
TTC5,2,0.9838615047187518
TTC5,2,0.9838615047187518
TTC5,2,0.9838615047187518
TTC5,2,0.9838615047187518
TTC5,2,0.9838615047187518
TTC5,2,0.9838615047187518
SUPT16H,2,0.3940034638702405
RAB2B,3,1.8159072407317405
RABGGTA,2,0.4828807787853501
STRN3,4,0.4325529301713986
HECTD1,4,0.8425953513012832
EAPP,1,0.416979007452459
CFL2,1,0.9124842308263097
BAZ1A,3,2.6429755814277462
NFKBIA,3,2.636587502210781
RALGAPA1,2,0.4804594841889354
RALGAPA1,2,0.4804594841889354
TRAPPC6B,1,0.5098556560132702
TRAPPC6B,1,0.5098556560132702
TRAPPC6B,1,0.5098556560132702
MIS18BP1,1,0.7245232781857186
POLE2,1,0.479380402952529
MAP4K5,5,0.7800575284571631
NIN,2,0.9865406667274722
WDHD1,4,0.49744202238495544
EXOC5,1,0.05669587372251212
TIMM9,2,0.7122062382995485
WDR89,2,1.3341721154588781
ZFYVE26,4,0.08364019185337787
ACTN1,1,0.29627634417320936
DCAF5,2,0.4153549570271314
SYNJ2BP,1,0.5921135355182231
ENTPD5,5,0.3361861863395764
AREL1,2,0.07494231345925363
ACYP1,4,1.4799934037368905
POMT2,1,0.23324026775694895
TMED8,3,0.8745765034373818
ALKBH1,5,0.6109887837914365
CEP128,8,1.4094720768820073
GTF2A1,1,0.5955414535533907
SEL1L,2,0.01725028495770109
FOXN3,9,0.6061400234722069
RPS6KA5,4,0.29603313216770993
CCDC88C,4,0.8844545871412338
NDUFB1,3,0.7591070484823906
SYNE3,2,0.01836091966977423
SLC25A29,4,0.625489228631389
BAG5,1,0.9386878408685343
CDCA4,1,0.8446098658896039
NIPA1,1,0.8908619400692999
EIF2AK4,3,0.4526783436749359
BUB1B,1,0.45801960431571936
KNL1,4,0.9000940197939679
SPINT1,2,1.954036015114758
CHAC1,2,1.7747897202815481
NUSAP1,8,0.3061280825580279
MAPKBP1,2,1.0159304352583411
CAPN3,4,1.2440659883687333
STARD9,5,1.6729283947164661
CCNDBP1,2,0.01674608786684103
CCNDBP1,2,0.01674608786684103
CCNDBP1,2,0.01674608786684103
CTDSPL2,6,0.399798574588067
BLOC1S6,2,1.1165099842671329
DTWD1,1,0.6158184810654415
USP8,3,0.36219645977762305
AP4E1,1,1.5485236304274008
MAPK6,5,1.2226869942405822
MINDY2,1,0.998221957844351
RNF111,4,0.18110986868536524
LACTB,6,0.6993160709330194
USP3,7,0.09009936560539525
DIS3L,1,0.29672223561383515
MAP2K1,3,0.7298285686730721
ZWILCH,2,0.03564527813302814
ZWILCH,2,0.03564527813302814
SMAD6,1,1.1119580359300316
IQCH,1,0.868777840622945
C15orf61,3,2.07461416501683
MAP2K5,4,0.41411758813898614
PIAS1,3,0.008127223929446521
GLCE,1,0.2173307747522745
KIF23,1,0.7237912874450326
ARID3B,2,0.9382027430128665
CLK3,2,0.34591066539867926
UBE2Q2,1,0.18456495260710232
ISL2,2,1.1810360800082509
RCN2,1,1.2938884147637582
IREB2,5,0.5022426669378923
ZFAND6,6,0.18191004551155388
WHAMM,1,0.8400478976419565
ZNF592,3,0.26575615001375413
ZNF592,3,0.26575615001375413
ZNF592,3,0.26575615001375413
ZNF592,3,0.26575615001375413
ZNF592,3,0.26575615001375413
AKAP13,3,0.12860136004750988
AEN,3,1.7006021731087468
FANCI,4,0.17829592899408706
IQGAP1,8,1.4641133313733665
BLM,4,0.21362776557395077
MAN2A2,2,0.1438748811975242
MAN2A2,2,0.1438748811975242
MAN2A2,2,0.1438748811975242
MAN2A2,2,0.1438748811975242
MAN2A2,2,0.1438748811975242
CHD2,1,1.6059350609462104
MEF2A,1,1.1415236052601194
ASB7,1,0.21839160361859172
UBE3A,9,0.742887374086322
ATP10A,3,0.5441651074540617
KATNBL1,1,0.1691630202289435
SLC12A6,2,0.0694888364150831
AQR,5,0.6275897663693232
AQR,5,0.6275897663693232
AQR,5,0.6275897663693232
AQR,5,0.6275897663693232
AQR,5,0.6275897663693232
AQR,5,0.6275897663693232
AQR,5,0.6275897663693232
AQR,5,0.6275897663693232
AQR,5,0.6275897663693232
AQR,5,0.6275897663693232
AQR,5,0.6275897663693232
AQR,5,0.6275897663693232
AQR,5,0.6275897663693232
AQR,5,0.6275897663693232
AQR,5,0.6275897663693232
AQR,5,0.6275897663693232
ZNF770,4,0.3914448556472101
INO80,3,0.5967411480834645
VPS39,4,0.8539985811996278
TMEM87A,5,0.5410347406125846
ZNF106,2,0.21483080538705532
LRRC57,2,0.046642155052796605
TTBK2,6,0.7919776016893535
UBR1,2,1.3898326383903543
TRPM7,21,0.6621226119829067
LYSMD2,1,0.7273851217892399
LEO1,3,0.25868491138756117
MYO5A,4,1.1621159704375037
FAM214A,4,1.136430595623167
PIGBOS1,1,0.13921773711479005
NEDD4,3,1.0451611200470943
ZNF280D,2,0.918706812826265
ADAM10,3,0.5829440705182296
ADAM10,3,0.5829440705182296
ADAM10,3,0.5829440705182296
ADAM10,3,0.5829440705182296
ADAM10,3,0.5829440705182296
ADAM10,3,0.5829440705182296
ADAM10,3,0.5829440705182296
ADAM10,3,0.5829440705182296
ADAM10,3,0.5829440705182296
ADAM10,3,0.5829440705182296
ADAM10,3,0.5829440705182296
ADAM10,3,0.5829440705182296
ADAM10,3,0.5829440705182296
SLTM,7,0.626789375128541
ICE2,1,0.13569232337920806
VPS13C,1,0.6526150775905469
HERC1,9,1.0154921857817591
CSNK1G1,2,0.434549762039344
UBAP1L,5,2.624317923345149
DENND4A,10,0.335483223428221
ANP32A,26,0.09077742669527943
ANP32A,26,0.09077742669527943
THAP10,1,0.822922282968661
MYO9A,8,0.7124440837466616
FAM219B,2,1.8015272942983216
FAM219B,2,1.8015272942983216
FAM219B,2,1.8015272942983216
PTPN9,9,1.474629546310462
ETFA,6,0.3007262413968927
SCAPER,2,1.607168108894375
PEAK1,3,0.7509379125232003
TBC1D2B,4,0.3601592916381333
ST20,4,0.23298377459805727
EFL1,1,2.482132793611421
BTBD1,2,0.3255461139962201
PRC1,2,0.6909859316164786
LINS1,5,0.9131254741271263
CHSY1,3,0.8944953865492551
RAB40C,6,0.328142581253533
CRAMP1,4,0.9649975026750995
MAPK8IP3,5,0.739998559104431
ATP6V0C,7,0.6460920714354029
SRRM2,2,0.1932558510923711
TNFRSF12A,3,1.1959574749517063
CLEC16A,4,0.09396954897967787
CCP110,2,0.8696360978309395
ACSM3,3,0.3364605069755368
METTL9,2,0.44986510233716004
UQCRC2,1,0.1872157516369787
POLR3E,7,0.5235343166670648
PLK1,3,5.014992491230033e-4
ATXN2L,1,0.5847940110224689
SETD1A,3,0.28166421934098207
PHKB,2,0.6098594384427564
HEATR3,4,0.5969303561332213
CHD9,10,0.25872398191645235
KATNB1,1,0.1403727804069547
USB1,3,0.7160391601587056
PDP2,3,0.23653036158966584
PSKH1,1,1.3661554110487582
NFATC3,7,1.124556999165263
SLC7A6,3,0.6175394627301423
ZFP90,1,0.7751751595433536
TANGO6,3,0.7108545265660472
NFAT5,3,0.8536906822287994
NFAT5,3,0.8536906822287994
WWP2,3,3.8327199217513668
TERF2IP,1,0.36738518709859397
CMIP,4,0.15481398618062245
ZFPM1,3,0.2633479233946443
SPG7,2,0.008910050213064504
ZNF276,2,0.471371226451277
ZNF276,2,0.471371226451277
ZNF276,2,0.471371226451277
ZNF276,2,0.471371226451277
ZNF276,2,0.471371226451277
ZNF276,2,0.471371226451277
GAS8,1,0.6445082879012344
POLR3K,5,1.900947076914188
LUC7L,2,0.1179633118644586
HAGH,2,1.9587002137834288
SLX4,1,1.3238513105590395
CREBBP,6,0.2301086908028642
ADCY9,13,2.5742373363454454
USP7,2,0.5929981682865619
TXNDC11,1,0.6056252943545098
ZC3H7A,1,0.3348900802772754
XYLT1,13,0.6515947236632834
SMG1,4,0.6439619831437643
THUMPD1,6,0.32841479998078615
THUMPD1,6,0.32841479998078615
DCUN1D3,1,0.32710206556164967
NPIPB4,6,0.8523850728055549
NPIPB4,6,0.8523850728055549
NPIPB4,6,0.8523850728055549
NPIPB4,6,0.8523850728055549
NPIPB4,6,0.8523850728055549
NPIPB4,6,0.8523850728055549
NPIPB4,6,0.8523850728055549
CDR2,3,0.22219647033136744
USP31,8,0.4476145931172022
EARS2,1,0.00924101048480804
PALB2,2,0.7210949998790974
ARHGAP17,2,0.9820101640074644
ZKSCAN2,1,0.14330295985971758
GTF3C1,2,1.012532180936722
KCTD13,1,0.9427040204106274
KCTD13,1,0.9427040204106274
YPEL3,1,4.370886384869376
NPIPB13,1,0.9345647231321494
ZNF764,5,3.987062350776829
C16orf87,1,2.1320309645411237
N4BP1,13,0.13714689281023784
KIFC3,3,0.2848155359895126
KIFC3,3,0.2848155359895126
CFAP20,3,0.6337728522110628
CNOT1,11,0.19024815060093556
DYNC1LI2,1,0.25244273797453404
"NAE1",1,0.07933834999838753
RANBP10,5,0.17710446481982406
SLC12A4,1,1.734015972080943
COG8,1,0.23551520511988241
COG8,1,0.23551520511988241
COG8,1,0.23551520511988241
COG8,1,0.23551520511988241
COG8,1,0.23551520511988241
COG8,1,0.23551520511988241
COG8,1,0.23551520511988241
COG8,1,0.23551520511988241
COG8,1,0.23551520511988241
COG8,1,0.23551520511988241
COG8,1,0.23551520511988241
COG8,1,0.23551520511988241
EXOSC6,1,1.3897319019419954
ST3GAL2,2,1.8235567829070913
MPHOSPH6,1,0.16632684834784056
MBTPS1,5,0.23966844275879762
HSDL1,1,0.5877223153925107
ZDHHC7,3,0.3683706489326829
C16orf74,3,0.5661398421715581
ZCCHC14,8,0.127794107376892
SLC7A5,12,0.03242891944715531
MVD,2,0.2435687869870885
FANCA,29,1.0548357560987072
RPA1,4,0.2388139379346561
EMC6,1,0.5123253060846281
RABEP1,3,0.5768442416539206
RPAIN,1,1.3074614962135096
MIS12,3,1.5536469301030968
RNASEK,11,0.2878655249131862
POLR2A,1,0.7519685253640231
EIF4A1,2,0.060852484636585845
KDM6B,3,1.2703577596465792
CNTROB,1,0.39091996075474866
NDEL1,4,0.9045128691142932
COX10,4,0.23776648908190337
ADORA2B,1,1.0050035801576231
TTC19,1,0.4508792572571315
TTC19,1,0.4508792572571315
TTC19,1,0.4508792572571315
TTC19,1,0.4508792572571315
TTC19,1,0.4508792572571315
TTC19,1,0.4508792572571315
TTC19,1,0.4508792572571315
TTC19,1,0.4508792572571315
RAI1,7,1.3285508429815545
EPN2,1,0.548603021363817
SPECC1,6,0.7958982663636412
TRAF4,5,2.3706437046102384
TAOK1,12,1.2285510111490365
NSRP1,5,1.1252310697425958
GOSR1,1,0.03211186346590815
ATAD5,7,0.7393466355570374
NF1,3,0.352425659065018
SUZ12,6,0.22990809191012865
RHOT1,15,2.076674269130918
ZNF207,3,0.14778179002461403
CDK5R1,1,2.3777596953368962
AP2B1,6,0.23963546634500357
MSL1,4,2.0950091742671617
WIPF2,3,0.11351260699194307
NKIRAS2,4,0.783875846811572
MLX,1,0.17857978857370868
KPNB1,5,0.28842511114430447
DLX4,1,1.3464090865651865
AKAP1,2,0.28744970298393874
RAD51C,5,0.895623502731231
PPM1E,6,0.3463039114130986
RPS6KB1,2,0.27019613598123776
TLK2,10,0.1349357793213108
DCAF7,2,0.11240092719896745
PRKCA,6,3.429130189741196
BPTF,1,0.9822751801612661
ARSG,2,2.481434944508008
MFSD11,2,1.0279433348256815
TNRC6C,4,1.1832146777639305
RNF213,3,0.4148967077749113
VPS53,3,0.6337414889548115
ABR,1,9.913849142059103e-4
CRK,1,0.10698537349636163
METTL16,3,0.2727026259167955
NCBP3,3,0.4818707211155166
NCBP3,3,0.4818707211155166
NCBP3,3,0.4818707211155166
NCBP3,3,0.4818707211155166
NCBP3,3,0.4818707211155166
NCBP3,3,0.4818707211155166
NCBP3,3,0.4818707211155166
ZZEF1,4,0.25751962530962497
UBE2G1,1,0.13682541858843006
UBE2G1,1,0.13682541858843006
UBE2G1,1,0.13682541858843006
SLC25A11,12,0.9529083911229977
CAMTA2,1,1.1598499070740709
DLG4,7,4.642569146741854
DLG4,7,4.642569146741854
NEURL4,2,0.3135909927646253
FXR2,2,1.2048180360947682
PER1,1,1.5661588365881407
ELAC2,2,0.04134484512014522
CDRT4,2,1.0751650011743776
TVP23C,3,1.0516909830102503
NCOR1,7,0.6234592631270512
PLD6,4,3.6120779181510057
AKAP10,10,0.892401086921005
SPAG5,1,0.668373876756503
FAM222B,2,0.1772405449683591
PHF12,5,0.29348230139097936
MYO18A,1,0.6826128482283069
NUFIP2,1,0.5551011599542999
ABHD15,6,0.24752602599551504
SSH2,8,0.39774168266953014
CRLF3,3,0.6959345704259002
FBXL20,15,1.8032939460244246
MIEN1,2,1.6495939883802164
MED24,1,0.03349263673171187
NR1D1,1,1.230468390356831
TOP2A,4,0.955248515381252
DNAJC7,1,0.15961939173078685
ATXN7L3,2,1.6888256368688168
CDC27,5,0.01625281293154102
ZNF652,11,1.027989378005546
ZNF652,11,1.027989378005546
SPOP,1,0.1674420392970604
FAM117A,2,0.08005697438321148
SPAG9,4,0.7659750287764716
MBTD1,2,0.4270704627938383
MMD,3,1.4223366361248844
TRIM37,3,0.14957096996928393
USP32,12,0.4130174173839263
BRIP1,10,0.4766654267128481
INTS2,1,0.5480786546533183
MED13,4,1.4209870998760106
ERN1,4,1.6337596238132692
DDX5,2,0.2956197153048715
SMURF2,16,0.36932538440284446
GNA13,2,0.5982484287001613
HELZ,1,0.2546603390623991
SLC39A11,15,0.33544619785542446
FAM104A,3,1.5818997691892458
SLC25A19,13,0.3324984754565452
CYTH1,4,0.1882027383143198
CBX4,1,1.095389982606973
NPLOC4,1,0.3462342749989121
ARHGDIA,2,1.5364367456775765
SIRT7,8,0.3704727261413317
MAFG,9,1.2749398810162906
FASN,11,0.5430900150887958
WDR45B,2,0.16015422815481986
SMCHD1,3,1.3210194930126222
MYL12A,1,0.22227229428555173
MYL12B,2,0.11929345446160441
SEH1L,5,0.4002734935445281
CEP192,3,1.1444297635412455
MIB1,7,0.6953941743238312
RBBP8,4,0.21133461864105052
TAF4B,4,0.5022227669442784
TAF4B,4,0.5022227669442784
TAF4B,4,0.5022227669442784
TAF4B,4,0.5022227669442784
TAF4B,4,0.5022227669442784
TAF4B,4,0.5022227669442784
TAF4B,4,0.5022227669442784
DTNA,3,0.8133006738451368
DTNA,3,0.8133006738451368
ELP2,7,0.22466488198918663
KIAA1328,4,1.2219664740707932
KIAA1328,4,1.2219664740707932
KIAA1328,4,1.2219664740707932
KIAA1328,4,1.2219664740707932
KIAA1328,4,1.2219664740707932
KIAA1328,4,1.2219664740707932
KIAA1328,4,1.2219664740707932
ME2,4,0.7845705068784653
POLI,3,0.31462292988408774
WDR7,1,2.0611387183481695
ONECUT2,2,2.071925750712797
PMAIP1,1,1.1087184523951183
PHLPP1,1,0.44468612259189466
ZNF407,5,0.9448370851370294
TSHZ1,5,0.004607380463923821
ATP9B,1,1.1433317507208016
ENOSF1,3,0.6483889308074221
YES1,2,0.6061027369528507
PTPN2,4,0.17213857830906124
ROCK1,1,1.3830992386594008
ROCK1,1,1.3830992386594008
ROCK1,1,1.3830992386594008
ROCK1,1,1.3830992386594008
ROCK1,1,1.3830992386594008
ROCK1,1,1.3830992386594008
TMEM241,6,1.170635959903749
TMEM241,6,1.170635959903749
TMEM241,6,1.170635959903749
TMEM241,6,1.170635959903749
TMEM241,6,1.170635959903749
TMEM241,6,1.170635959903749
TMEM241,6,1.170635959903749
OSBPL1A,6,0.19149449005129576
SS18,3,0.21557539633241307
TRAPPC8,10,0.8364707738533632
ZNF24,2,0.7072973554074764
RPRD1A,2,0.3216277778216948
SLC39A6,1,0.4460174443661117
EPG5,3,0.5772452007799057
ST8SIA5,2,0.20265061405555612
PIAS2,3,0.221477949983705
PIAS2,3,0.221477949983705
PIAS2,3,0.221477949983705
PIAS2,3,0.221477949983705
PIAS2,3,0.221477949983705
PIAS2,3,0.221477949983705
PIAS2,3,0.221477949983705
PIAS2,3,0.221477949983705
PIAS2,3,0.221477949983705
PIAS2,3,0.221477949983705
PIAS2,3,0.221477949983705
TCF4,1,0.10313229269543546
TCF4,1,0.10313229269543546
LMAN1,1,0.10934876301437482
BCL2,4,1.0451482402237595
KDSR,1,0.19584389298712357
TMX3,3,0.26734748862907776
RTTN,2,0.8648517910267437
ZNF516,3,1.0732286118975776
CSNK1G2,29,0.37322552467703085
DOT1L,3,1.0789445739329648
SPPL2B,1,0.15697418995782986
GNA11,1,0.035846235336685316
PIAS4,2,0.7055508507051276
CHAF1A,2,0.23753306924078235
FEM1A,5,0.1188354870848994
KDM4B,3,0.4665265878762894
SAFB,7,0.015771737162632634
TNFSF9,1,0.17722715738792114
MCOLN1,3,0.2544238033373745
PIN1,8,0.3737528429780235
ICAM5,8,2.262517929601762
PDE4A,4,0.37810333479716085
ATG4D,3,2.4708628224663793
DNM2,10,0.006972879959061821
SMARCA4,2,0.10048881822310377
LDLR,28,3.774021052413949
PLPPR2,2,0.30425240474720294
ZNF700,1,0.22665395452023102
ZNF763,1,1.7771845193574882
ZNF791,6,0.40888635820056457
JUNB,3,1.049040469765628
MAST1,2,1.6676777395688858
NFIX,4,0.38914518477148086
NFIX,4,0.38914518477148086
DCAF15,1,1.2808742073784996
KLF2,1,2.4517375385898754
SIN3B,1,0.39151215090379954
MYO9B,12,0.18143442640242888
MYO9B,12,0.18143442640242888
DDA1,4,0.6714748315360255
DDA1,4,0.6714748315360255
GTPBP3,2,0.6693305500184198
GDF15,1,3.2124583021655013
KLHL26,2,0.665141145539893
UPF1,1,0.654525312814614
UPF1,1,0.654525312814614
SLC25A42,1,0.32180955105356784
MAU2,16,1.1366290730134563
ZNF430,3,0.3259767670643106
URI1,15,0.7121631119720562
DPY19L3,5,0.4211082565133631
NUDT19,2,0.5418906234091962
PDCD2L,3,0.9089978123267903
GRAMD1A,5,0.5735530762723384
GRAMD1A,5,0.5735530762723384
GRAMD1A,5,0.5735530762723384
GRAMD1A,5,0.5735530762723384
GRAMD1A,5,0.5735530762723384
GRAMD1A,5,0.5735530762723384
GRAMD1A,5,0.5735530762723384
GRAMD1A,5,0.5735530762723384
GRAMD1A,5,0.5735530762723384
GRAMD1A,5,0.5735530762723384
GRAMD1A,5,0.5735530762723384
KMT2B,1,0.43556734157275834
ACTN4,1,0.2262805818822928
ZFP36,5,3.0768656846302007
MAP3K10,1,2.526283905573342
LTBP4,1,0.17451878325149836
SNRPA,7,0.2132924415255116
MIA-RAB4B,4,0.05180549218534895
MIA-RAB4B,4,0.05180549218534895
MIA-RAB4B,4,0.05180549218534895
MIA-RAB4B,4,0.05180549218534895
MIA-RAB4B,4,0.05180549218534895
RAB4B,4,1.1477868614355637
RAB4B,4,1.1477868614355637
ARHGEF1,10,0.9747700277096988
ARHGEF1,10,0.9747700277096988
PVR,6,1.9779723479013593
CEACAM19,3,2.817455537709511
CLASRP,3,1.0799752394645825
CLASRP,3,1.0799752394645825
CLASRP,3,1.0799752394645825
CLASRP,3,1.0799752394645825
CLASRP,3,1.0799752394645825
MARK4,5,0.14396995063118184
PPP5C,6,0.28030445732546194
FKRP,9,1.0426378420631741
KCNJ14,2,1.17755721743387
CYTH2,4,1.4116703365701706
CYTH2,4,1.4116703365701706
CYTH2,4,1.4116703365701706
CYTH2,4,1.4116703365701706
PPP1R15A,7,1.3077239230652242
ALDH16A1,1,0.9019485068142146
PRR12,6,1.0043634879416488
NR1H2,6,0.027269833099115466
CD33,1,0.6509818185746394
ZNF175,4,0.5912108153900789
ZNF808,3,2.895968266252801
ZNF761,1,0.40294719865757983
ZNF587,6,1.4677368639391541
MIER2,1,0.26254723460260526
MEX3D,1,1.019390153534027
KLF16,5,2.062307668093972
AP3D1,9,0.09642212116741504
ZNF77,2,1.6177591415329322
PIP5K1C,4,0.22147273002931192
EEF2,11,1.7083266176278487
ZBTB7A,3,1.2440897672318483
SAFB2,7,0.5892886993923488
INSR,18,0.37087453771656365
ELAVL1,2,0.19735421353538823
DNMT1,23,0.4864166728154708
ZNF653,3,2.104731317120606
ZNF44,4,0.05949631143558713
ZNF564,2,0.019493965233770297
MAN2B1,3,0.11510327859629836
DHPS,2,0.07903270724546704
TNPO2,4,0.38069719794099804
TNPO2,4,0.38069719794099804
BRD4,9,0.24644618406724741
AKAP8,3,0.43872388548394864
EPS15L1,14,0.512236582490241
HAUS8,4,0.3877031697747951
ANO8,1,0.6284041288631584
RAB3A,5,5.726689011729142
JUND,3,1.4362007880217782
ELL,1,0.09615633252044327
PBX4,1,1.3396142341319002
ZNF708,2,0.20438623426664512
ANKRD27,10,0.29915238025660706
CEP89,10,1.5816706840352368
SCGB2B2,1,2.6197369657094765
NFKBID,1,0.1583029108156385
ALKBH6,4,0.37632127041549385
ZNF529,6,2.172070217768811
ZNF850,2,0.17905994542024684
ZNF569,2,0.7355681074345494
FBXO17,2,0.1691522976650273
C19orf47,1,0.5380777060269014
SERTAD3,1,1.0834291667812097
IRGQ,4,3.1613883363559565
PLAUR,19,1.4566406235723575
PPP1R13L,1,0.09688467208365877
FBXO46,7,0.4982773710842255
MYPOP,9,1.5838690028091402
DACT3,1,0.4616534818235112
STRN4,7,0.4285304138767514
STRN4,7,0.4285304138767514
ZC3H4,6,0.8233997382395127
CARD8,4,0.1568802523184261
ZNF787,8,0.10305237067976408
ZSCAN5A,2,0.08063716635308123
ZNF814,5,0.7395790548366495
UBE2M,2,0.7951922756149575
RBCK1,3,0.006143131235258772
VPS16,1,0.1510183699325349
PTPRA,4,0.9523457613822786
MAVS,1,0.5930391744273212
PANK2,13,0.24578670296746852
MCM8,1,0.17585737376221958
CRLS1,7,0.09796974886545043
BMP2,2,1.046719700867402
SLX4IP,1,0.1891239702838492
SEC23B,2,0.11241303573946021
TPX2,7,0.6197560622347086
HCK,3,2.718072756930424
POFUT1,2,0.03326001890197833
KIF3B,1,0.6392459230923165
ASXL1,15,0.1532668217130191
MAPRE1,3,0.46852117551782985
ITCH,7,1.4984887597378596
CTNNBL1,1,0.09734507925168703
RALGAPB,2,0.11850033290144814
TOP1,1,1.4762657042318865
STK4,9,0.3067239492135395
ARFGEF2,1,0.049980696940245685
CEBPB,2,2.4408098644077465
PARD6B,2,1.2186368044378335
PFDN4,4,0.37020175407545874
PFDN4,4,0.37020175407545874
VAPB,7,1.9600291601596174
STX16,3,0.510370971945913
SS18L1,1,0.43588081966413095
OSBPL2,4,0.12423771193279776
MRGBP,1,0.01019638479969639
TBC1D20,6,0.569779796920432
CSNK2A1,2,0.35118732730363683
RASSF2,3,0.23162923504402666
SLC23A2,6,0.01515087030928773
TMEM230,12,0.49636085344009584
GPCPD1,3,1.086853324071144
TMX4,2,0.6760536070606982
JAG1,20,1.3433041965243822
ESF1,8,1.1311035350133984
KIF16B,2,0.5423833957219429
THBD,2,1.9046535489900382
"NAPB",3,1.3409764508190654
NECAB3,6,1.8765849776775816
E2F1,7,2.5466431657302158
EIF2S2,1,0.5028447132069092
NCOA6,5,0.006950962872904507
RBM39,3,0.8885332827531841
RBM39,3,0.8885332827531841
RBM39,3,0.8885332827531841
RBM39,3,0.8885332827531841
RBM39,3,0.8885332827531841
RBM39,3,0.8885332827531841
RBM39,3,0.8885332827531841
RBM39,3,0.8885332827531841
RBM39,3,0.8885332827531841
RBM39,3,0.8885332827531841
RBM39,3,0.8885332827531841
RBM39,3,0.8885332827531841
RBM39,3,0.8885332827531841
RBM39,3,0.8885332827531841
RBM39,3,0.8885332827531841
RBM39,3,0.8885332827531841
SOGA1,17,4.487336467995424
SAMHD1,2,0.10136258202318103
RBL1,5,0.6129556984980614
ZHX3,1,0.09133230866124717
ELMO2,1,1.9779319288520925
OCSTAMP,1,3.061858257793103
TP53RK,1,0.48881173300792746
ZMYND8,14,0.8559671241174908
PREX1,8,0.3389262825596268
B4GALT5,3,0.030161237028702312
NFATC2,3,0.14998942406238874
NFATC2,3,0.14998942406238874
ZNF217,4,0.8876841657822166
ZNF217,4,0.8876841657822166
PRELID3B,1,0.5695402222847799
TCFL5,3,0.36882461811189887
RGS19,1,0.46570257968314066
ITSN1,2,0.6656169443286744
MORC3,2,1.349648024456284
SLC37A1,1,0.8022109541312779
TRAPPC10,3,0.42768954985911645
TRAPPC10,3,0.42768954985911645
TRAPPC10,3,0.42768954985911645
TRAPPC10,3,0.42768954985911645
TRAPPC10,3,0.42768954985911645
TRAPPC10,3,0.42768954985911645
TRAPPC10,3,0.42768954985911645
TRAPPC10,3,0.42768954985911645
TRAPPC10,3,0.42768954985911645
TRAPPC10,3,0.42768954985911645
TRAPPC10,3,0.42768954985911645
TRAPPC10,3,0.42768954985911645
TRAPPC10,3,0.42768954985911645
TRAPPC10,3,0.42768954985911645
TRAPPC10,3,0.42768954985911645
TRAPPC10,3,0.42768954985911645
TRAPPC10,3,0.42768954985911645
TRAPPC10,3,0.42768954985911645
PCNT,3,1.0216100080043655
HSPA13,2,0.7001250678297323
C21orf91,1,0.32948307774534213
APP,7,0.24054821337827526
SYNJ1,2,0.7715030269902273
RUNX1,3,0.5706024574911301
HLCS,2,0.18048507359792348
BRWD1,11,0.7572333748278776
ZBTB21,1,0.5423761480152574
MCM3AP,2,0.4164801994653353
IL17RA,15,0.24078193993314834
TUBA8,2,0.4850061402640057
CDC45,1,0.3123986583106839
CDC45,1,0.3123986583106839
HIC2,1,1.6621213566441482
SPECC1L,8,0.2562124306312846
GRK3,1,0.9652846558310677
GRK3,1,0.9652846558310677
GRK3,1,0.9652846558310677
GRK3,1,0.9652846558310677
GRK3,1,0.9652846558310677
GRK3,1,0.9652846558310677
GRK3,1,0.9652846558310677
GRK3,1,0.9652846558310677
GRK3,1,0.9652846558310677
ZNRF3,2,0.705344134659659
EMID1,5,0.6791863169231741
EWSR1,3,0.0035425922881246663
MTMR3,1,0.6665065729205902
SFI1,7,0.6571471763064581
DEPDC5,2,0.9115471879734737
HMGXB4,4,0.9128447467276716
SH3BP1,1,1.0058187656418625
PDXP,1,2.8964210767104546
TNRC6B,7,0.5329005094573952
EP300,5,0.3076192711025573
GTSE1,2,0.06719413720212317
ZBED4,4,0.3198040439989362
PIM3,14,2.983836268414686
PPP6R2,1,0.027698925400364567
ATP6V1E1,1,0.6113295218384526
MICAL3,1,0.43243673900105484
YPEL1,2,1.633473122934811
TTC28,5,0.9689826840648668
THOC5,1,0.2974801633544131
TBC1D10A,1,1.5739463381184242
RNF215,3,1.1703531758356913
PRR14L,10,0.22097414275081367
MYH9,4,0.4312513516181724
TMEM184B,2,0.8699778522837738
CSNK1E,3,0.5908783306027726
CSNK1E,3,0.5908783306027726
SUN2,1,0.24930274800944427
DNAL4,1,0.711076498776078
DESI1,1,0.43231086055890916
TCF20,1,0.12234142036899648
KIAA0930,1,0.11040996762670277
BRD1,2,1.5495528096505475
TUBGCP6,2,0.32922302282169613
TBL1X,2,0.32326261790113375
EIF2S3,9,0.15504533363072123
ZFX,5,0.7160181262887855
POLA1,3,2.876661882069567
XK,1,1.8307318394412482
DDX3X,4,0.28421651466058956
KDM6A,9,1.1205046907734932
RP2,2,1.1101841693586105
TBC1D25,1,0.38351567949305404
HDAC6,5,0.4214456207461774
GNL3L,3,0.7408491274995413
TAF1,2,1.2598400585848921
APOOL,1,0.3971643262259382
DIAPH2,11,0.37472139367835183
PRPS1,1,0.1796148905188616
ALG13,10,0.6277536271068297
ALG13,10,0.6277536271068297
ALG13,10,0.6277536271068297
ALG13,10,0.6277536271068297
WDR44,4,0.696134425167459
LONRF3,3,0.7416635680350998
STAG2,5,0.022669434374487055
BCORL1,3,1.411605093925697
SLC25A14,1,1.339533692094231
PHF6,1,0.005136765842488081
INTS6L,1,0.5566163897636923
HTATSF1,1,0.7274259221222247
FMR1,1,0.4385780607056516
VMA21,1,0.8220210514631341
ATP6AP1,1,0.2620089199428893
GDI1,3,1.9058173422409577
PLXNA3,1,2.0074487308683886
PRKX,3,0.288291599625406
PRKX,3,0.288291599625406
SH3KBP1,10,0.5219225572990681
RPS6KA3,9,0.12348302210621231
TAB3,1,0.7387569251330434
BCOR,2,0.14375418043396523
MED14,2,0.521962792308149
ZNF674,1,1.9334104187155734
ELK1,2,1.2856851632107837
HUWE1,2,0.0485783618551119
SPIN4,1,0.5278372469233096
RLIM,2,0.4865463585956752
ATRX,9,1.7010740830535642
BRWD3,1,0.9881809798777943
RBM41,1,0.4783492330714242
ACSL4,9,0.7272462911361784
THOC2,6,0.4077954429856164
THOC2,6,0.4077954429856164
MOSPD1,1,0.3380431846172838
MAP7D3,1,0.35955148332599035
MAP7D3,1,0.35955148332599035
ARHGEF6,5,0.05432811850795508
ATP11C,3,0.5398025490406031
ATP11C,3,0.5398025490406031
ARHGAP4,5,1.0965772687795607
GAB3,2,0.7098131054036884
